Kabul,AF
Kandahār,AF
Herāt,AF
Farāh,AF
Mazār-e Sharīf,AF
Lashkar Gāh,AF
Kunduz,AF
Tāluqān,AF
Jalālābād,AF
Shibirghān,AF
Zaranj,AF
Khōst,AF
Maīmanah,AF
Mehtar Lām,AF
Ghaznī,AF
Paghmān,AF
Pul-e Khumrī,AF
Bāmyān,AF
Chārīkār,AF
Balkh,AF
Baghlān,AF
Tarīn Kōṯ,AF
Gardēz,AF
Bāzār-e Yakāwlang,AF
Faīẕābād,AF
Qal‘ah-ye Now,AF
Ghōriyān,AF
Sar-e Pul,AF
Haskah Mēnah,AF
Tirana,AL
Vlorë,AL
Kamëz,AL
Fier,AL
Durrës,AL
Shkodër,AL
Elbasan,AL
Korçë,AL
Sarandë,AL
Berat,AL
Lushnjë,AL
Kavajë,AL
Gjirokastër,AL
Pogradec,AL
Fushë-Krujë,AL
Laç,AL
Kukës,AL
Sukth,AL
Buçimas,AL
Lezhë,AL
Patos,AL
Peshkopi,AL
Librazhd-Qendër,AL
Kuçovë,AL
Krujë,AL
Burrel,AL
Perondi,AL
Libonik,AL
Rrëshen,AL
Algiers,DZ
Oran,DZ
Constantine,DZ
Blida,DZ
Batna,DZ
Sétif,DZ
Djelfa,DZ
Annaba,DZ
Sidi Bel Abbès,DZ
Biskra,DZ
Tébessa,DZ
Tiaret,DZ
Bejaïa,DZ
Tlemcen,DZ
Bordj Bou Arreridj,DZ
Béchar,DZ
Skikda,DZ
Souk Ahras,DZ
Chlef,DZ
El Eulma,DZ
M’Sila,DZ
Mostaganem,DZ
Médéa,DZ
Tizi Ouzou,DZ
El Oued,DZ
Laghouat,DZ
Ouargla,DZ
Jijel,DZ
Relizane,DZ
Andorra la Vella,AD
Escaldes-Engordany,AD
Encamp,AD
La Massana,AD
Sant Julià de Lòria,AD
Ordino,AD
Canillo,AD
Luanda,AO
Cacuaco,AO
Lubango,AO
Cabinda,AO
Huambo,AO
Malanje,AO
Benguela,AO
Belas,AO
Talatona,AO
Lobito,AO
Saurimo,AO
Cubal,AO
Luena,AO
Cuito,AO
Uíge,AO
Menongue,AO
Vila Teixeira da Silva,AO
Sumbe,AO
Gabela,AO
Ndulo,AO
Moçâmedes,AO
Ganda,AO
Barra do Dande,AO
Soio,AO
Tchitato,AO
Chibia,AO
Ucu Seles,AO
Cuango,AO
Dundo,AO
Buenos Aires,AR
Córdoba,AR
Rosario,AR
Santiago del Estero,AR
Comodoro Rivadavia,AR
Mar del Plata,AR
San Miguel de Tucumán,AR
Salta,AR
San Juan,AR
Lanús,AR
Florencio Varela,AR
Santa Fe,AR
Corrientes,AR
San Salvador de Jujuy,AR
Bahía Blanca,AR
Resistencia,AR
Posadas,AR
Quilmes,AR
Paraná,AR
Merlo,AR
González Catán,AR
Formosa,AR
Neuquén,AR
Banfield,AR
José C. Paz,AR
La Plata,AR
Godoy Cruz,AR
Isidro Casanova,AR
Las Heras,AR
Yerevan,AM
Gyumri,AM
Vanadzor,AM
Ejmiatsin,AM
Hrazdan,AM
Abovyan,AM
Kapan,AM
Armavir,AM
Charentsavan,AM
Stepanavan,AM
Sevan,AM
Ashtarak,AM
Masis,AM
Artashat,AM
Ararat,AM
Gavarr,AM
Goris,AM
Ijevan,AM
Artik,AM
Dilijan,AM
Spitak,AM
Sisian,AM
Vedi,AM
Alaverdi,AM
Vardenis,AM
Martuni,AM
Yeghvard,AM
Nor Hachn,AM
Vardenik,AM
Sydney,AU
Melbourne,AU
Brisbane,AU
Perth,AU
Adelaide,AU
Gold Coast,AU
Cranbourne,AU
Canberra,AU
Central Coast,AU
Wollongong,AU
Hobart,AU
Geelong,AU
Townsville,AU
Ipswich,AU
Newcastle,AU
Cairns,AU
Darwin,AU
Toowoomba,AU
Launceston,AU
Ballarat,AU
Bendigo,AU
Mackay,AU
Melton,AU
Bunbury,AU
Bundaberg,AU
Wagga Wagga,AU
Hervey Bay,AU
Pakenham,AU
Port Macquarie,AU
Vienna,AT
Graz,AT
Linz,AT
Salzburg,AT
Innsbruck,AT
Klagenfurt,AT
Villach,AT
Wels,AT
Sankt Pölten,AT
Dornbirn,AT
Wiener Neustadt,AT
Steyr,AT
Bregenz,AT
Leonding,AT
Klosterneuburg,AT
Baden,AT
Wolfsberg,AT
Leoben,AT
Krems an der Donau,AT
Traun,AT
Amstetten,AT
Lustenau,AT
Kapfenberg,AT
Hallein,AT
Mödling,AT
Kufstein,AT
Traiskirchen,AT
Schwechat,AT
Braunau am Inn,AT
Baku,AZ
Sumqayıt,AZ
Gəncə,AZ
Ağcabədi,AZ
Mingəçevir,AZ
Xırdalan,AZ
Naxçıvan,AZ
Qaraçuxur,AZ
Hövsan,AZ
Bakıxanov,AZ
Şirvan,AZ
Şəki,AZ
Yevlax,AZ
Şatrovka,AZ
M.Ə. Rəsulzadə,AZ
Lənkəran,AZ
Xankəndi,AZ
Biləcəri,AZ
Maştağa,AZ
Qəzyan,AZ
Şəmkir,AZ
Xaçmaz,AZ
Bərdə,AZ
Binəqədi,AZ
Göyçay,AZ
Lökbatan,AZ
Qazax,AZ
Buzovna,AZ
İmişli,AZ
Manama,BH
Al Muḩarraq,BH
Madīnat Ḩamad,BH
Jidd Ḩafş,BH
Madīnat ‘Īsá,BH
Sitrah,BH
Al Hamalah,BH
Ad Dirāz,BH
Al Mālikīyah,BH
Karrānah,BH
Dhaka,BD
Chattogram,BD
Nārāyanganj,BD
Khulna,BD
Gāzipura,BD
Rangapukur,BD
Rājshāhi,BD
Mymensingh,BD
Farīdpur,BD
Sylhet,BD
Barura,BD
Chauddagram,BD
Kushtia,BD
Bogra,BD
Tāngāil,BD
Tungi,BD
Comilla,BD
Rangpur,BD
Companiganj,BD
Dinājpur,BD
Brāhmanbāria,BD
Feni,BD
Siddhirganj,BD
Jhenida,BD
Jessore,BD
Bānchpār,BD
Saidpur,BD
Nazipur,BD
Barishal,BD
Minsk,BY
Homyel’,BY
Vitsyebsk,BY
Hrodna,BY
Mahilyow,BY
Brest,BY
Babruysk,BY
Baranavichy,BY
Horad Barysaw,BY
Pinsk,BY
Orsha,BY
Navapolatsk,BY
Salihorsk,BY
Mazyr,BY
Lida,BY
Maladzyechna,BY
Polatsk,BY
Zhlobin,BY
Rechytsa,BY
Horad Zhodzina,BY
Svyetlahorsk,BY
Slutsk,BY
Kobryn,BY
Slonim,BY
Vawkavysk,BY
Kalinkavichy,BY
Smarhon’,BY
Rahachow,BY
Horki,BY
Brussels,BE
Antwerp,BE
Gent,BE
Charleroi,BE
Liège,BE
Anderlecht,BE
Bruges,BE
Namur,BE
Leuven,BE
Moortebeek,BE
Mons,BE
Aalst,BE
Mechelen,BE
La Louvière,BE
Deurne,BE
Sint-Niklaas,BE
Kortrijk,BE
Hasselt,BE
Ostend,BE
Tournai,BE
Genk,BE
Roeselare,BE
Seraing,BE
Laeken,BE
Mouscron,BE
Forest,BE
Verviers,BE
Jette,BE
Etterbeek,BE
Belize City,BZ
Orange Walk,BZ
Belmopan,BZ
San Ignacio,BZ
San Pedro,BZ
Dangriga,BZ
Corozal,BZ
Punta Gorda,BZ
Cotonou,BJ
Abomey-Calavi,BJ
Porto-Novo,BJ
Godomè,BJ
Banikoara,BJ
Djougou,BJ
Tchaourou,BJ
Parakou,BJ
Kandi,BJ
Aplahoué,BJ
Kalalé,BJ
Malanville,BJ
Kétou,BJ
Bohicon,BJ
Djakotomé,BJ
Zagnanado,BJ
Bassila,BJ
Avrankou,BJ
Allada,BJ
Missérété,BJ
Glazoué,BJ
Pobé,BJ
Djidja,BJ
Lalo,BJ
Gogounou,BJ
Adjaouèrè,BJ
Sakété,BJ
Matéri,BJ
Ifanhim,BJ
Thimphu,BT
Phuntsholing,BT
Paro,BT
Geylegphug,BT
Samdrup Jongkhar,BT
Wangdue Phodrang,BT
Punakha,BT
Jakar,BT
Samtse,BT
Mongar,BT
Trashigang,BT
Trashi Yangtse,BT
Trongsa,BT
Zhemgang,BT
Daga,BT
Tsirang,BT
Haa,BT
Sarpang,BT
Pemagatshel,BT
Tsimasham,BT
Lhuentse,BT
Gasa,BT
Sarajevo,BA
Banja Luka,BA
Bijeljina,BA
Mostar,BA
Tuzla,BA
Prijedor,BA
Zenica,BA
Doboj,BA
Ilidža,BA
Zvornik,BA
Živinice,BA
Bihać,BA
Sanski Most,BA
Lukavac,BA
Gračanica,BA
Tešanj,BA
Brčko,BA
Srebrenik,BA
Gradačac,BA
Bugojno,BA
Žepče,BA
Trebinje,BA
Bosanska Krupa,BA
Čapljina,BA
Jajce,BA
Vitez,BA
Novi Travnik,BA
Hadžići,BA
Banovići,BA
Gaborone,BW
Francistown,BW
Molepolole,BW
Mogoditshane,BW
Maun,BW
Mahalapye,BW
Selibe Phikwe,BW
Serowe,BW
Kanye,BW
Mochudi,BW
Palapye,BW
Tlokweng,BW
Ramotswa,BW
Lobatse,BW
Ghanzi,BW
Bobonong,BW
Letlhakane,BW
Mosopa,BW
Thamaga,BW
Jwaneng,BW
Gabane,BW
Mmopone,BW
Mmadinare,BW
Tshabong,BW
Kopong,BW
Kasane,BW
Shoshong,BW
Metsemotlhaba,BW
Nata,BW
São Paulo,BR
Rio de Janeiro,BR
Belo Horizonte,BR
Brasília,BR
Salvador,BR
Fortaleza,BR
Manaus,BR
Santos,BR
Curitiba,BR
Recife,BR
Belém,BR
Porto Alegre,BR
Goiânia,BR
Guarulhos,BR
Campinas,BR
Vila Velha,BR
São Luís,BR
São Gonçalo,BR
Maceió,BR
Natal,BR
Teresina,BR
Campo Grande,BR
Natal,BR
Iguaçu,BR
São Bernardo do Campo,BR
João Pessoa,BR
Abaeté,BR
São José dos Campos,BR
Santo André,BR
Bandar Seri Begawan,BN
Seria,BN
Kampong Tunah Jambu,BN
Kuala Belait,BN
Bangar,BN
Tutong,BN
Sofia,BG
Plovdiv,BG
Varna,BG
Burgas,BG
Ruse,BG
Stara Zagora,BG
Pleven,BG
Sliven,BG
Pazardzhik,BG
Pernik,BG
Dobrich,BG
Shumen,BG
Veliko Tarnovo,BG
Haskovo,BG
Blagoevgrad,BG
Yambol,BG
Kazanlak,BG
Asenovgrad,BG
Vratsa,BG
Kyustendil,BG
Gabrovo,BG
Targovishte,BG
Kardzhali,BG
Vidin,BG
Razgrad,BG
Svishtov,BG
Silistra,BG
Lovech,BG
Montana,BG
Ouagadougou,BF
Bobo-Dioulasso,BF
Koudougou,BF
Ouahigouya,BF
Kaya,BF
Banfora,BF
Pouytenga,BF
Houndé,BF
Fada Ngourma,BF
Dédougou,BF
Djibo,BF
Tenkodogo,BF
Kongoussi,BF
Titao,BF
Dori,BF
Koupéla,BF
Aribinda,BF
Gaoua,BF
Garango,BF
Tanghin-Dassouri,BF
Gourcy,BF
Yako,BF
Bindé,BF
Zorgo,BF
Réo,BF
Léo,BF
Niangoloko,BF
Orodara,BF
Ziniaré,BF
Bujumbura,BI
Gitega,BI
Ngozi,BI
Rumonge,BI
Cibitoke,BI
Gitega,BI
Kayanza,BI
Bubanza,BI
Gatumba,BI
Karuzi,BI
Kirundo,BI
Muyinga,BI
Makamba,BI
Ruyigi,BI
Rutana,BI
Muramvya,BI
Bururi,BI
Cankuzo,BI
Isale,BI
Praia,CV
Mindelo,CV
São Filipe,CV
Ribeira Grande,CV
Tarrafal,CV
Porto Novo,CV
Assomada,CV
Pedra Badejo,CV
Sal Rei,CV
Espargos,CV
Tarrafal,CV
Ponta do Sol,CV
Calheta de São Miguel,CV
Porto Inglês,CV
São Domingos,CV
Cidade Velha,CV
João Teves,CV
Picos,CV
Pombas,CV
Nova Sintra,CV
Igreja,CV
Ribeira Brava,CV
Cova Figueira,CV
Phnom Penh,KH
Siem Reap,KH
Battambang,KH
Kampong Cham,KH
Sisophon,KH
Paoy Paet,KH
Prey Veng,KH
Sihanoukville,KH
Samraong,KH
Kratie,KH
Pursat,KH
Takeo,KH
Chbar Mon,KH
Kampong Chhnang,KH
Svay Rieng,KH
Kampot,KH
Krong Kep,KH
Suong,KH
Koh Kong,KH
Kampong Speu,KH
Kampong Thom,KH
Banlung,KH
Stung Treng,KH
Tbeng Meanchey,KH
Preah Vihear,KH
Kampong Thum,KH
Lumphat,KH
Svay Pak,KH
Sen Monorom,KH
Douala,CM
Yaoundé,CM
Bamenda,CM
Bafoussam,CM
Garoua,CM
Maroua,CM
Limbe,CM
Ngaoundéré,CM
Loum,CM
Kumba,CM
Bibémi,CM
Buea,CM
Kumbo,CM
Edéa,CM
Nkongsamba,CM
Kousséri,CM
Bogo,CM
Bafang,CM
Foumban,CM
Bertoua,CM
Ébolowa,CM
Widekum,CM
Maga,CM
Guider,CM
Bafut,CM
Mbalmayo,CM
Meïganga,CM
Eséka,CM
Dschang,CM
Toronto,CA
Montréal,CA
Vancouver,CA
Calgary,CA
Edmonton,CA
Ottawa,CA
Mississauga,CA
Winnipeg,CA
Quebec City,CA
Hamilton,CA
Brampton,CA
Surrey,CA
Kitchener,CA
Laval,CA
Halifax,CA
London,CA
Victoria,CA
Markham,CA
St. Catharines,CA
Niagara Falls,CA
Vaughan,CA
Gatineau,CA
Windsor,CA
Saskatoon,CA
Longueuil,CA
Burnaby,CA
Regina,CA
Richmond,CA
Richmond Hill,CA
Bangui,CF
Bimo,CF
Mambéré,CF
Bimbo,CF
Berbérati,CF
Bocaranga,CF
Carnot,CF
Nola,CF
Bambari,CF
Bouar,CF
Bossangoa,CF
Bria,CF
Bangassou,CF
Kaga Bandoro,CF
Sibut,CF
Mbaïki,CF
Bozoum,CF
Zemio,CF
Bakouma,CF
Ippy,CF
Grimari,CF
Bobangui,CF
Kabo,CF
Alindao,CF
Rafaï,CF
Ndélé,CF
Gamboula,CF
Obo,CF
Birao,CF
N’Djamena,TD
Moundou,TD
Sarh,TD
Kelo,TD
Yao,TD
Léré,TD
Abéché,TD
Goz-Beida,TD
Chèddra,TD
Déressia,TD
Faya,TD
Fianga,TD
Koumra,TD
Pala Oua,TD
Am-Timan,TD
Iriba,TD
Doba,TD
Bongor,TD
Mongo,TD
Oum Hadjer,TD
Fada,TD
Amdjarass,TD
Ati,TD
Laï,TD
Mao,TD
Massaguet,TD
Bitkine,TD
Dourbali,TD
Moussoro,TD
Santiago,CL
Concepción,CL
Puente Alto,CL
Maipú,CL
La Florida,CL
Antofagasta,CL
Viña del Mar,CL
San Bernardo,CL
Valparaíso,CL
Temuco,CL
Las Condes,CL
Rancagua,CL
Peñalolén,CL
Quilicura,CL
Talca,CL
Coquimbo,CL
Arica,CL
La Serena,CL
Iquique,CL
La Pintana,CL
El Bosque,CL
Puerto Montt,CL
Chillán,CL
Calama,CL
Copiapó,CL
Valdivia,CL
Quilpué,CL
Talcahuano,CL
Osorno,CL
Guangzhou,CN
Shanghai,CN
Beijing,CN
Shenzhen,CN
Chengdu,CN
Xi’an,CN
Chongqing,CN
Baoding,CN
Linyi,CN
Dongguan,CN
Tianjin,CN
Wuhan,CN
Nanyang,CN
Hangzhou,CN
Foshan,CN
Tongshan,CN
Zhoukou,CN
Ganzhou,CN
Heze,CN
Quanzhou,CN
Nanjing,CN
Jining,CN
Fuyang,CN
Shenyang,CN
Shangqiu,CN
Cangzhou,CN
Shaoyang,CN
Zhanjiang,CN
Yancheng,CN
Bogotá,CO
Timbío,CO
Medellín,CO
Cali,CO
Barranquilla,CO
Cartagena,CO
Bucaramanga,CO
Palermo,CO
Cúcuta,CO
Soledad,CO
Villavicencio,CO
Pereira,CO
Valledupar,CO
Ibagué,CO
Soacha,CO
Santa Marta,CO
Montería,CO
Bello,CO
Manizales,CO
Buenaventura,CO
Pasto,CO
Neiva,CO
Palmira,CO
Zarzal,CO
Armenia,CO
Popayán,CO
Sincelejo,CO
Itagüí,CO
Floridablanca,CO
Moroni,KM
Mutsamudu,KM
Ouani,KM
Mandza,KM
Fomboni,KM
Domoni,KM
Adda-Douéni,KM
Kourani,KM
Bazimini,KM
Brazzaville,CG
Pointe-Noire,CG
Tchibota,CG
Dolisie,CG
Kayes,CG
Kindamba,CG
Impfondo,CG
Hinda,CG
Mossendjo,CG
Ouésso,CG
Madingou,CG
Owando,CG
Sibiti,CG
Gamboma,CG
Loutété,CG
Bouansa,CG
Djambala,CG
Kinkala,CG
Boloso,CG
Makoua,CG
Sémbé,CG
Ewo,CG
Loango,CG
San José,CR
San Marcos,CR
San Ramón,CR
Puerto Limón,CR
Sarapiquí,CR
Mora,CR
Santa Cruz,CR
Liberia,CR
Nicoya,CR
Alajuela,CR
San Rafael,CR
San Isidro,CR
Naranjo,CR
Quesada,CR
Puntarenas,CR
Guácimo,CR
Santo Domingo,CR
Coto Brus,CR
Matina,CR
Guápiles,CR
Palmares,CR
Cariari,CR
Desamparados,CR
La Uruca,CR
Siquirres,CR
San Vicente,CR
Buenos Aires,CR
Poás,CR
Curridabat,CR
Zagreb,HR
Rijeka,HR
Split,HR
Osijek,HR
Zadar,HR
Sesvete,HR
Velika Gorica,HR
Pula,HR
Slavonski Brod,HR
Karlovac,HR
Šibenik,HR
Kaštel Stari,HR
Dubrovnik,HR
Bjelovar,HR
Varaždin,HR
Sisak,HR
Vinkovci,HR
Koprivnica,HR
Čakovec,HR
Ðakovo,HR
Zaprešić,HR
Vukovar,HR
Sinj,HR
Petrinja,HR
Solin,HR
Kutina,HR
Požega,HR
Virovitica,HR
Dugo Selo,HR
Havana,CU
Santiago de Cuba,CU
Holguín,CU
Camagüey,CU
Ciego de Ávila,CU
Santa Clara,CU
Bayamo,CU
Guantánamo,CU
Carlos Manuel de Céspedes,CU
Arroyo Naranjo,CU
Las Tunas,CU
Pinar del Río,CU
Cienfuegos,CU
Manzanillo,CU
Matanzas,CU
Centro Habana,CU
Sancti Spíritus,CU
Jimaguayú,CU
Guanabacoa,CU
Contramaestre,CU
Mayarí,CU
Puerto Padre,CU
San Luis,CU
Jagüey Grande,CU
Consolación del Sur,CU
Cárdenas,CU
Baracoa,CU
Palma Soriano,CU
San José de las Lajas,CU
Nicosia,CY
Limassol,CY
Larnaca,CY
Paphos,CY
Famagusta,CY
Kyrenia,CY
Káto Polemídia,CY
Aradíppou,CY
Latsia,CY
Paralímni,CY
Ágios Athanásios,CY
Mésa Geitoniá,CY
Germasógeia,CY
Dáli,CY
Prague,CZ
Olomouc,CZ
Brno,CZ
Ostrava,CZ
Plzeň,CZ
Liberec,CZ
České Budějovice,CZ
Hradec Králové,CZ
Ústí nad Labem,CZ
Pardubice,CZ
Zlín,CZ
Havířov,CZ
Kladno,CZ
Most,CZ
Opava,CZ
Frýdek-Místek,CZ
Jihlava,CZ
Karviná,CZ
Teplice,CZ
Chomutov,CZ
Karlovy Vary,CZ
Děčín,CZ
Jablonec nad Nisou,CZ
Mladá Boleslav,CZ
Prostějov,CZ
Přerov,CZ
Česká Lípa,CZ
Třebíč,CZ
Třinec,CZ
Abidjan,CI
Yopougon,CI
Cocody,CI
Bouaké,CI
Port-Bouët,CI
Daloa,CI
Koumassi,CI
San-Pédro,CI
Yamoussoukro,CI
Attiecoubé,CI
Korhogo,CI
Gagnoa,CI
Soubré,CI
Oumé,CI
Man,CI
Duekoué,CI
Marcory,CI
Bingerville,CI
Divo,CI
Abengourou,CI
Ferkessédougou,CI
Adzopé,CI
Bondoukou,CI
Dabou,CI
Agboville,CI
Séguéla,CI
Daoukro,CI
Aboisso,CI
Bouna,CI
Copenhagen,DK
Aarhus,DK
Odense,DK
Aalborg,DK
Esbjerg,DK
Randers,DK
Kolding,DK
Horsens,DK
Vejle,DK
Roskilde,DK
Herning,DK
Silkeborg,DK
Hørsholm,DK
Helsingør,DK
Næstved,DK
Viborg,DK
Fredericia,DK
Køge,DK
Holstebro,DK
Hillerød,DK
Taastrup,DK
Slagelse,DK
Holbæk,DK
Sønderborg,DK
Svendborg,DK
Hjørring,DK
Nørresundby,DK
Frederikshavn,DK
Ringsted,DK
Djibouti,DJ
Arta,DJ
Ali Sabieh,DJ
Dikhil,DJ
Obock,DJ
Yoboki,DJ
Tadjourah,DJ
Santo Domingo,DO
Santiago,DO
Santo Domingo Este,DO
Puerto Plata,DO
La Victoria,DO
Los Alcarrizos,DO
Higüey,DO
San Cristóbal,DO
La Vega,DO
San Pedro de Macorís,DO
San Francisco de Macorís,DO
Moca,DO
Baní,DO
Boca Chica,DO
La Romana,DO
San Juan,DO
Gurabo al Medio,DO
Bonao,DO
Bajos de Haina,DO
Los Minas,DO
Azua,DO
Villa Altagracia,DO
Barahona,DO
Nagua,DO
Mao,DO
Cotuí,DO
Pedro Brand,DO
Esperanza,DO
Jarabacoa,DO
Guayaquil,EC
Quito,EC
Cuenca,EC
Santo Domingo de los Colorados,EC
Machala,EC
Eloy Alfaro,EC
Manta,EC
Portoviejo,EC
Sucúa,EC
Loja,EC
Ambato,EC
Esmeraldas,EC
Quevedo,EC
Riobamba,EC
Milagro,EC
Ibarra,EC
La Libertad,EC
Babahoyo,EC
Sangolquí,EC
Pelileo,EC
Daule,EC
Latacunga,EC
Tulcán,EC
Chone,EC
Pasaje,EC
Santa Rosa,EC
Nueva Loja,EC
Huaquillas,EC
Montecristi,EC
Cairo,EG
Giza,EG
Alexandria,EG
Shubrā al Khaymah,EG
Al Manşūrah,EG
Ḩalwān,EG
Al Maḩallah al Kubrá,EG
Port Said,EG
Suez,EG
Al ‘Āshir min Ramaḑān,EG
Ţanţā,EG
Asyūţ,EG
Bibā,EG
Ash Shuhadā’,EG
Al Fayyūm,EG
Az Zaqāzīq,EG
Al ‘Ajamī,EG
Al Maţarīyah,EG
Ismailia,EG
Aswān,EG
Kafr ad Dawwār,EG
Damanhūr,EG
Al Minyā,EG
Mallawī,EG
Damietta,EG
Luxor,EG
Timayy al Imdīd,EG
Qinā,EG
Sūhāj,EG
San Salvador,SV
Usulután,SV
Santa Ana,SV
San Miguel,SV
Santa Tecla,SV
Mejicanos,SV
Apopa,SV
Delgado,SV
Ahuachapán,SV
Sonsonate,SV
Colón,SV
Acajutla,SV
Tonacatepeque,SV
Chalchuapa,SV
Zacatecoluca,SV
San Juan Opico,SV
Izalco,SV
Cuscatancingo,SV
Ilobasco,SV
Ciudad Arce,SV
Metapán,SV
Quezaltepeque,SV
San Vicente,SV
Cojutepeque,SV
Nahuizalco,SV
Jiquilisco,SV
San Pedro Perulapán,SV
San Francisco Menéndez,SV
Panchimalco,SV
Bata,GQ
Malabo,GQ
Ebebiyín,GQ
Santiago de Baney,GQ
Añisoc,GQ
Bengonbeyene,GQ
Mbini,GQ
Aconibe,GQ
Rebola,GQ
Evinayong,GQ
Luba,GQ
Mongomo,GQ
Palé,GQ
Djibloho,GQ
Calatrava,GQ
Asmara,ER
Keren,ER
Gwelej,ER
Assab,ER
Massawa,ER
Mendefera,ER
Dbarwa,ER
Barentu,ER
Bēylul,ER
Adi Keyh,ER
Ghinda’e,ER
Edd,ER
Dek’emhāre,ER
Ak’ordat,ER
Nefasīt,ER
Teseney,ER
Tallinn,EE
Tartu,EE
Narva,EE
Pärnu,EE
Kohtla-Järve,EE
Viljandi,EE
Maardu,EE
Rakvere,EE
Kuressaare,EE
Sillamäe,EE
Valga,EE
Võru,EE
Jõhvi,EE
Keila,EE
Haapsalu,EE
Paide,EE
Põlva,EE
Jõgeva,EE
Rapla,EE
Kärdla,EE
Addis Ababa,ET
Godē,ET
Ērer Sātā,ET
Nazrēt,ET
Gonder,ET
Mekele,ET
Āwasa,ET
Dire Dawa,ET
Bahir Dar,ET
Shashemenē,ET
Sodo,ET
Ārba Minch’,ET
Desē,ET
Hosa’ina,ET
Jīma,ET
Harar,ET
Jijiga,ET
Dīla,ET
Nek’emtē,ET
Debre Birhan,ET
Debre Mark’os,ET
Ferfer,ET
Āwarē,ET
Kombolcha,ET
Debre Tabor,ET
Ādīgrat,ET
Giyon,ET
Āsela,ET
K’ebrī Dehar,ET
Tórshavn,FO
Klaksvík,FO
Hvalba,FO
Skopun,FO
Hvannasund,FO
Porkeri,FO
Fámjin,FO
Toftir,FO
Saltangará,FO
Strendur,FO
Tvøroyri,FO
Fuglafjørður,FO
Vágur,FO
Norðragøta,FO
Sørvágur,FO
Eiði,FO
Oyrarbakki,FO
Vestmanna,FO
Kvívík,FO
Sumba,FO
Sandavágur,FO
Hov,FO
Viðareiði,FO
Sandur,FO
Húsavík,FO
Kunoy,FO
Skálavík,FO
Kirkja,FO
Skúvoy,FO
Suva,FJ
Nadi,FJ
Nausori,FJ
Lautoka,FJ
Labasa,FJ
Lami,FJ
Nakasi,FJ
Ba,FJ
Sigatoka,FJ
Helsinki,FI
Tampere,FI
Espoo,FI
Turku,FI
Vantaa,FI
Oulu,FI
Jyväskylä,FI
Kuopio,FI
Lahti,FI
Kouvola,FI
Pori,FI
Joensuu,FI
Lappeenranta,FI
Hämeenlinna,FI
Vaasa,FI
Seinäjoki,FI
Rovaniemi,FI
Mikkeli,FI
Kotka,FI
Salo,FI
Porvoo,FI
Kokkola,FI
Lohja,FI
Hyvinkää,FI
Nurmijärvi,FI
Järvenpää,FI
Rauma,FI
Kirkkonummi,FI
Tuusula,FI
Paris,FR
Marseille,FR
Lyon,FR
Toulouse,FR
Nice,FR
Nantes,FR
Montpellier,FR
Strasbourg,FR
Bordeaux,FR
Lille,FR
Rennes,FR
Reims,FR
Toulon,FR
Saint-Étienne,FR
Le Havre,FR
Grenoble,FR
Dijon,FR
Angers,FR
Villeurbanne,FR
Nîmes,FR
Clermont-Ferrand,FR
Aix-en-Provence,FR
Le Mans,FR
Brest,FR
Tours,FR
Amiens,FR
Limoges,FR
Annecy,FR
Boulogne-Billancourt,FR
Cayenne,GF
Saint-Laurent-du-Maroni,GF
Kourou,GF
Sinnamary,GF
Saint-Georges,GF
Roura,GF
Iracoubo,GF
Libreville,GA
Port-Gentil,GA
Franceville,GA
Owendo,GA
Oyem,GA
Ntoum,GA
Moanda,GA
Lambaréné,GA
Bitam,GA
Tchibanga,GA
Mouila,GA
Makokou,GA
Koulamoutou,GA
Gamba,GA
Okondja,GA
Ndendé,GA
Mayumba,GA
Mitzic,GA
Mékambo,GA
Omboué,GA
Bifoun,GA
Tbilisi,GE
Batumi,GE
Kutaisi,GE
Rustavi,GE
Sokhumi,GE
Gori,GE
Zugdidi,GE
Poti,GE
Tskhinvali,GE
Kobuleti,GE
Khashuri,GE
Samtredia,GE
Senaki,GE
Zestaponi,GE
Marneuli,GE
Telavi,GE
Gardabani,GE
Ozurgeti,GE
Akhaltsikhe,GE
Kaspi,GE
Chiatura,GE
Tsqaltubo,GE
Sagarejo,GE
Borjomi,GE
T’q’ibuli,GE
Khoni,GE
Bolnisi,GE
Mtskheta,GE
Ambrolauri,GE
Berlin,DE
Stuttgart,DE
Munich,DE
Hamburg,DE
Cologne,DE
Frankfurt,DE
Düsseldorf,DE
Leipzig,DE
Dortmund,DE
Essen,DE
Bremen,DE
Dresden,DE
Hannover,DE
Nuremberg,DE
Duisburg,DE
Bochum,DE
Wuppertal,DE
Bielefeld,DE
Bonn,DE
Münster,DE
Mannheim,DE
Karlsruhe,DE
Augsburg,DE
Wiesbaden,DE
Mönchengladbach,DE
Gelsenkirchen,DE
Aachen,DE
Braunschweig,DE
Chemnitz,DE
Boankra,GH
Accra,GH
Kumasi,GH
Tamale,GH
Domaa-Ahenkro,GH
Sekondi,GH
Sunyani,GH
Ashaiman,GH
Obuase,GH
Cape Coast,GH
Tema,GH
Medina Estates,GH
Koforidua,GH
Suhum,GH
Kintampo,GH
Wa,GH
Atebubu,GH
Techiman,GH
Dzolokpuita,GH
Ho,GH
Ahenkro,GH
Dome,GH
Gbawe,GH
Bawku,GH
Konongo,GH
Ejura,GH
Swedru,GH
Bolgatanga,GH
Aflao,GH
Athens,GR
Thessaloníki,GR
Piraeus,GR
Irákleio,GR
Pátra,GR
Lárisa,GR
Vólos,GR
Peristéri,GR
Ioánnina,GR
Acharnés,GR
Kallithéa,GR
Kalamariá,GR
Níkaia,GR
Glyfáda,GR
Ílion,GR
Kateríni,GR
Ilioúpoli,GR
Keratsíni,GR
Évosmos,GR
Chalándri,GR
Néa Smýrni,GR
Maroúsi,GR
Alexandroúpoli,GR
Ágios Dimítrios,GR
Zográfos,GR
Aigáleo,GR
Kozáni,GR
Néa Ionía,GR
Kavála,GR
Nuuk,GL
Sisimiut,GL
Ilulissat,GL
Qaqortoq,GL
Aasiaat,GL
Tasiilaq,GL
Paamiut,GL
Uummannaq,GL
Upernavik,GL
Qasigiannguit,GL
Godhavn,GL
Qaanaaq,GL
Kullorsuaq,GL
Scoresbysund,GL
Kulusuk,GL
Tasiusaq,GL
Kraulshavn,GL
Kangersuatsiaq,GL
Narsarsuaq,GL
Savissivik,GL
Nord,GL
Timmiarmiut,GL
Guatemala City,GT
Villa Nueva,GT
Mixco,GT
Coatepeque,GT
San Juan Sacatepéquez,GT
San Pedro Carchá,GT
Cobán,GT
Quetzaltenango,GT
Jalapa,GT
Escuintla,GT
Villa Canales,GT
Jutiapa,GT
Amatitlán,GT
Chichicastenango,GT
Flores,GT
Momostenango,GT
Huehuetenango,GT
San Luis,GT
Nueva Concepción,GT
Santa Lucía Cotzumalguapa,GT
Chinautla,GT
Totonicapán,GT
Chimaltenango,GT
Tecpán Guatemala,GT
Pochuta,GT
Puerto Barrios,GT
Retalhuleu,GT
Malacatán,GT
Joyabaj,GT
Conakry,GN
Mamou,GN
Guéckédou,GN
Kankan,GN
N’Zérékoré,GN
Siguiri,GN
Kindia,GN
Boké,GN
Labé,GN
Faranah,GN
Kamsar,GN
Kissidougou,GN
Macenta,GN
Dabola,GN
Télimélé,GN
Tougué,GN
Fria,GN
Pita,GN
Doura,GN
Kérouané,GN
Kouroussa,GN
Koundara,GN
Beyla,GN
Forécariah,GN
Gaoual,GN
Dalaba,GN
Dinguiraye,GN
Mali,GN
Yomou,GN
Bissau,GW
Farim,GW
Quinhámel,GW
Gabú,GW
Bambadinca,GW
Catió,GW
Bafatá,GW
Madina do Boé,GW
Bissorã,GW
Buba,GW
Cacheu,GW
Bolama,GW
Fulacunda,GW
Georgetown,GY
New Amsterdam,GY
Linden,GY
Anna Regina,GY
Princetown,GY
Bartica,GY
Lethem,GY
Mabaruma,GY
Mahdia,GY
Ituni,GY
Vreed-en-Hoop,GY
Fort Wellington,GY
Port-au-Prince,HT
Carrefour,HT
Pétion-Ville,HT
Gonaïves,HT
Croix-des-Bouquets,HT
Delmas,HT
Cap-Haïtien,HT
Les Cayes,HT
Petite Rivière de l’Artibonite,HT
Saint-Marc,HT
Jean-Rabel,HT
Jacmel,HT
Tabarre,HT
Dessalines,HT
Port-de-Paix,HT
Aquin,HT
Hinche,HT
Saint-Michel de l’Atalaye,HT
Léogâne,HT
Ganthier,HT
Saint-Louis du Nord,HT
Limbé,HT
Limonade,HT
Anse à Galets,HT
Bainet,HT
Belladère,HT
Saint-Louis du Sud,HT
Miragoâne,HT
Acul du Nord,HT
Tegucigalpa,HN
Comayagüela,HN
San Pedro Sula,HN
Choloma,HN
La Ceiba,HN
El Progreso,HN
Villanueva,HN
Ciudad Choluteca,HN
Comayagua,HN
Juticalpa,HN
Puerto Cortés,HN
Catacamas,HN
Olanchito,HN
Tela,HN
Siguatepeque,HN
Danlí,HN
Yoro,HN
Tocoa,HN
La Lima,HN
Santa Rosa de Copán,HN
Trujillo,HN
Nacaome,HN
Intibucá,HN
San Manuel,HN
Gracias,HN
Puerto Lempira,HN
La Paz,HN
San Lorenzo,HN
Santa Bárbara,HN
Hong Kong,HK
Kowloon,HK
Sha Tin,HK
Kowloon City,HK
Sham Shui Po,HK
Tin Shui Wai,HK
Central District,HK
Tsing Yi Town,HK
Lam Tin,HK
Kennedy Town,HK
Kwai Chung,HK
Cheung Chau,HK
Pak Tin Pa,HK
Choi Hung,HK
Shek Tong Tsui,HK
Wang Tau Hom,HK
Shek Wai Kok,HK
Tung Tau Tsuen,HK
Sha Kok Mei,HK
Sai Wan Ho,HK
Sai Kung Tuk,HK
Wan Tau Tong,HK
Budapest,HU
Debrecen,HU
Székesfehérvár,HU
Győr,HU
Szeged,HU
Nyíregyháza,HU
Kecskemét,HU
Miskolc,HU
Szombathely,HU
Pécs,HU
Veszprém,HU
Kaposvár,HU
Sopron,HU
Érd,HU
Szolnok,HU
Tatabánya,HU
Békéscsaba,HU
Zalaegerszeg,HU
Eger,HU
Nagykanizsa,HU
Dunaújváros,HU
Dunakeszi,HU
Hódmezővásárhely,HU
Szigetszentmiklós,HU
Cegléd,HU
Baja,HU
Mosonmagyaróvár,HU
Vác,HU
Salgótarján,HU
Reykjavík,IS
Kópavogur,IS
Hafnarfjörður,IS
Akureyri,IS
Keflavík,IS
Garðabær,IS
Selfoss,IS
Sauðárkrókur,IS
Ísafjörður,IS
Höfn,IS
Egilsstaðir,IS
Borgarnes,IS
Delhi,IN
Mumbai,IN
Kolkāta,IN
Bangalore,IN
Chennai,IN
Hyderābād,IN
Pune,IN
Ahmedabad,IN
Sūrat,IN
Prayagraj,IN
Lucknow,IN
Jaipur,IN
Cawnpore,IN
Mirzāpur,IN
Nāgpur,IN
Ghāziābād,IN
Vadodara,IN
Vishākhapatnam,IN
Indore,IN
Thāne,IN
Bhopāl,IN
Chinchvad,IN
Patna,IN
Bilāspur,IN
Ludhiāna,IN
Agwār,IN
Āgra,IN
Madurai,IN
Jamshedpur,IN
Jakarta,ID
Surabaya,ID
Medan,ID
Malang,ID
Bekasi,ID
Depok,ID
Tangerang,ID
Denpasar,ID
Sangereng,ID
Semarang,ID
Palembang,ID
Makassar,ID
Jepara,ID
Sumedang,ID
Bagam,ID
Cilacap,ID
Bandar Lampung,ID
Bogor,ID
Pekanbaru,ID
Padang,ID
Samarinda,ID
Banjarmasin,ID
Tasikmalaya,ID
Pontianak,ID
Serang,ID
Jambi,ID
Balikpapan,ID
Cimahi,ID
Surakarta,ID
Tehran,IR
Kāshān,IR
Mashhad,IR
Eşfahān,IR
Karaj,IR
Shīrāz,IR
Tabrīz,IR
Ahvāz,IR
Qom,IR
Kermānshāh,IR
Kermān,IR
Orūmīyeh,IR
Rasht,IR
Bahār,IR
Zāhedān,IR
Hamadān,IR
Yazd,IR
Ardabīl,IR
Bandar ‘Abbās,IR
Arāk,IR
Eslāmshahr,IR
Zanjān,IR
Sanandaj,IR
Qazvīn,IR
Khorramābād,IR
Madan,IR
Gorgān,IR
Shahrīār,IR
Shahr-e Qods,IR
Baghdad,IQ
Mosul,IQ
Al Başrah,IQ
Kirkuk,IQ
As Sulaymānīyah,IQ
Ar Ramādī,IQ
Erbil,IQ
An Najaf,IQ
Karbalā’,IQ
An Nāşirīyah,IQ
Al Ḩillah,IQ
Al ‘Amārah,IQ
Ba‘qūbah,IQ
Ad Dīwānīyah,IQ
Az Zubayr,IQ
Dahūk,IQ
Al Fallūjah,IQ
Al Kūt,IQ
Ash Shāmīyah,IQ
Al Qurnah,IQ
Al Ḩamzah,IQ
Rāniyah,IQ
Sab‘ al Būr,IQ
Ash Shaţrah,IQ
Kalār,IQ
Abī al Khaşīb,IQ
Zākhū,IQ
As Samāwah,IQ
‘Aqrah,IQ
Dublin,IE
Finglas,IE
Cork,IE
Tallaght,IE
Galway,IE
Limerick,IE
Lucan,IE
Waterford,IE
Clondalkin,IE
Drogheda,IE
Dún Dealgan,IE
Swords,IE
Navan,IE
Blackrock,IE
Douglas,IE
Ennis,IE
Carlow,IE
Dunleary,IE
Tralee,IE
Ashtown,IE
Kilkenny,IE
Port Laoise,IE
Naas,IE
Baile Átha Luain,IE
Mullingar,IE
Celbridge,IE
Wexford,IE
Letterkenny,IE
Sligo,IE
Tel Aviv-Yafo,IL
Jerusalem,IL
Haifa,IL
Rishon LeẔiyyon,IL
Petaẖ Tiqwa,IL
Ashdod,IL
Netanya,IL
Beersheba,IL
Holon,IL
Bené Beraq,IL
Ramat Gan,IL
Ashqelon,IL
Reẖovot,IL
Bat Yam,IL
Bet Shemesh,IL
Kefar Sava,IL
Hadera,IL
Herẕliyya,IL
Modi‘in Makkabbim Re‘ut,IL
Nazareth,IL
Lod,IL
Ramla,IL
Ra‘ananna,IL
Rahat,IL
Qiryat Gat,IL
Nahariyya,IL
Afula,IL
Givatayim,IL
Hod HaSharon,IL
Rome,IT
Milan,IT
Naples,IT
Turin,IT
Palermo,IT
Genoa,IT
Bologna,IT
Florence,IT
Bari,IT
Catania,IT
Venice,IT
Verona,IT
Messina,IT
Padova,IT
Trieste,IT
Cosenza,IT
Taranto,IT
Brescia,IT
Parma,IT
Prato,IT
Modena,IT
Reggio di Calabria,IT
Reggio Emilia,IT
Perugia,IT
Ravenna,IT
Livorno,IT
Cagliari,IT
Foggia,IT
Rimini,IT
Kingston,JM
Portmore,JM
May Pen,JM
Spanish Town,JM
Montego Bay,JM
Half Way Tree,JM
Mandeville,JM
Old Harbour,JM
Linstead,JM
Savanna-la-Mar,JM
Ocho Rios,JM
Port Antonio,JM
Bog Walk,JM
Ewarton,JM
Saint Ann’s Bay,JM
Port Morant,JM
Port Maria,JM
Falmouth,JM
Lucea,JM
Black River,JM
Morant Bay,JM
Tokyo,JP
Ōsaka,JP
Nagoya,JP
Yokohama,JP
Fukuoka,JP
Sapporo,JP
Kawasaki,JP
Kōbe,JP
Kyōto,JP
Saitama,JP
Hiroshima,JP
Sendai,JP
Chiba,JP
Setagaya,JP
Kitakyūshū,JP
Sakai,JP
Niigata,JP
Hamamatsu,JP
Nerima,JP
Kumamoto,JP
Ōta-ku,JP
Sagamihara,JP
Okayama,JP
Edogawa,JP
Shizuoka,JP
Adachi,JP
Honchō,JP
Kagoshima,JP
Kawaguchi,JP
Amman,JO
Al Mafraq,JO
Irbid,JO
Az Zarqā’,JO
Ar Ruşayfah,JO
Saḩāb,JO
Ar Ramthā,JO
‘Ajlūn,JO
Al ‘Aqabah,JO
Al Jīzah,JO
As Salţ,JO
Mādabā,JO
Jarash,JO
Ma‘ān,JO
Al Ḩişn,JO
Aţ Ţurrah,JO
Dayr Abū Sa‘īd,JO
AshShajarah,JO
Mu’tah,JO
Ash Shūnah ash Shamālīyah,JO
Aţ Ţafīlah,JO
Al Fuḩayş,JO
Al Karak,JO
Māḩiş,JO
Al Mazār ash Shamālī,JO
Muthallath al Azraq,JO
Kafr ‘Awān,JO
Malkā,JO
Sākib,JO
Almaty,KZ
Nur-Sultan,KZ
Shymkent,KZ
Qaraghandy,KZ
Aqtöbe,KZ
Taraz,KZ
Pavlodar,KZ
Semey,KZ
Öskemen,KZ
Atyraū,KZ
Qyzylorda,KZ
Oral,KZ
Qostanay,KZ
Petropavl,KZ
Temirtaū,KZ
Aqtaū,KZ
Kökshetaū,KZ
Türkistan,KZ
Ekibastuz,KZ
Zhangaözen,KZ
Mangghystaū,KZ
Taldyqorghan,KZ
Rudnyy,KZ
Zhezqazghan,KZ
Kentaū,KZ
Balqash,KZ
Sarqan,KZ
Aqsū,KZ
Sätbayev,KZ
Nairobi,KE
Meru,KE
Mombasa,KE
Kisumu,KE
Kikuyu,KE
Nakuru,KE
Eldoret,KE
Habaswein,KE
Ongata Rongai,KE
Molo,KE
Kitenkela,KE
Kiambu,KE
Ramu,KE
Kilifi,KE
Malindi,KE
Vihiga,KE
Machakos,KE
Ngong,KE
Mumias,KE
Thika,KE
Nyeri,KE
Kimilili,KE
Kakamega,KE
Kendu Bay,KE
Wajir,KE
Lafey,KE
Athi River,KE
Nandi Hills,KE
Sotik,KE
Bishkek,KG
Osh,KG
Jalal-Abad,KG
Karakol,KG
Kara-Balta,KG
Tokmok,KG
Kyzyl-Kyya,KG
Özgön,KG
Balykchy,KG
Bazar-Korgon,KG
Talas,KG
Naryn,KG
Aravan,KG
Sokuluk,KG
Suzak,KG
Batken,KG
Iradan,KG
Toktogul,KG
Novopokrovka,KG
Kant,KG
Belovodskoe,KG
Shark,KG
Jangy-Nookat,KG
Kara-Suu,KG
Lebedinovka,KG
Kurshab,KG
Kashkar-Kyshtak,KG
Mayluu-Suu,KG
Voyenno-Antonovka,KG
Vientiane,LA
Xiangkhoang,LA
Savannakhet,LA
Pakxé,LA
Thakhèk,LA
Louangphabang,LA
Xam Nua,LA
Phônsavan,LA
Louang Namtha,LA
Pakxan,LA
Vangviang,LA
Muang Sing,LA
Attapu,LA
Ban Houayxay,LA
Xaignabouli,LA
Phôngsali,LA
Champasak,LA
Salavan,LA
Xai,LA
Xékong,LA
Anouvông,LA
Phôn-Hông,LA
Riga,LV
Daugavpils,LV
Liepāja,LV
Jelgava,LV
Jūrmala,LV
Ventspils,LV
Rēzekne,LV
Ogre,LV
Valmiera,LV
Jēkabpils,LV
Salaspils,LV
Mārupe,LV
Tukums,LV
Cēsis,LV
Sigulda,LV
Olaine,LV
Kuldīga,LV
Bauska,LV
Saldus,LV
Talsi,LV
Dobele,LV
Ādaži,LV
Ludza,LV
Krāslava,LV
Aizkraukle,LV
Līvāni,LV
Gulbene,LV
Limbaži,LV
Madona,LV
Tripoli,LB
Beirut,LB
Sidon,LB
Tyre,LB
Borj Hammoud,LB
El Minié,LB
Aaley,LB
Joünié,LB
Zahlé,LB
Nabatîyé,LB
Borj el Qoblé,LB
El Ghâzîyé,LB
Qabb Eliâs,LB
Aarsâl,LB
Batroûn,LB
Jbaïl,LB
Barr Eliâs,LB
Zghartā,LB
Bent Jbaïl,LB
Chmistâr,LB
El Fanar,LB
Qornet Chahouâne,LB
Ehden,LB
Baalbek,LB
Bcharré,LB
Majdel Aanjar,LB
El Hermel,LB
El Bâzoûrîyé,LB
Kfar Kiddé,LB
Maseru,LS
Teyateyaneng,LS
Mafeteng,LS
Leribe,LS
Maputsoe,LS
Mazenod,LS
Ratau,LS
Mohale’s Hoek,LS
Qiloane,LS
Mapoteng,LS
Senekane,LS
Kueneng,LS
Maghalleen,LS
Pitseng,LS
Siloe,LS
Peka,LS
Quthing,LS
Nako,LS
Ramabitsa,LS
Nyakosoba,LS
Rasebetsane,LS
Butha-Buthe,LS
Mohlanapeng,LS
Seforong,LS
Mokhotlong,LS
Thaba-Tseka,LS
Qacha’s Nek,LS
Monrovia,LR
New Kru Town,LR
Upper Buchanan,LR
Gbarnga,LR
Ganta,LR
Buchanan,LR
Kakata,LR
Harper,LR
Voinjama,LR
Zwedru,LR
Harbel,LR
Foya Tangia,LR
Greenville,LR
Tubmanburg,LR
Saclepea,LR
Robertsport,LR
Sanniquellie,LR
Bensonville,LR
Fish Town,LR
Bopolu,LR
Barclayville,LR
Cestos City,LR
Tripoli,LY
Benghazi,LY
Ajdābiyā,LY
Mişrātah,LY
Al Bayḑā’,LY
Al Khums,LY
Az Zāwīyah,LY
Gharyān,LY
Al Marj,LY
Tobruk,LY
Darnah,LY
Sabhā,LY
Şabrātah,LY
Al Jumayl,LY
Janzūr,LY
Zuwārah,LY
Masallātah,LY
Surt,LY
Yafran,LY
Nālūt,LY
Banī Walīd,LY
Tājūrā’,LY
Birāk,LY
Shaḩḩāt,LY
Murzuq,LY
Awbārī,LY
Qaşr al Qarabūllī,LY
Waddān,LY
Mizdah,LY
Schaan,LI
Vaduz,LI
Triesen,LI
Balzers,LI
Eschen,LI
Mauren,LI
Triesenberg,LI
Ruggell,LI
Gamprin,LI
Schellenberg,LI
Planken,LI
Vilnius,LT
Kaunas,LT
Klaipėda,LT
Panevėžys,LT
Šiauliai,LT
Alytus,LT
Marijampolė,LT
Mažeikiai,LT
Jonava,LT
Utena,LT
Kėdainiai,LT
Telšiai,LT
Tauragė,LT
Ukmergė,LT
Visaginas,LT
Palanga,LT
Plungė,LT
Kretinga,LT
Šilutė,LT
Gargždai,LT
Radviliškis,LT
Druskininkai,LT
Rokiškis,LT
Elektrėnai,LT
Aukštieji Paneriai,LT
Kuršėnai,LT
Grigiškės,LT
Jurbarkas,LT
Likiškiai,LT
Luxembourg,LU
Esch-sur-Alzette,LU
Dudelange,LU
Differdange,LU
Diekirch,LU
Echternach,LU
Wiltz,LU
Grevenmacher,LU
Remich,LU
Vianden,LU
Capellen,LU
Clervaux,LU
Mersch,LU
Redange-sur-Attert,LU
Skopje,MK
Tetovo,MK
Bitola,MK
Kumanovo,MK
Prilep,MK
Ohrid,MK
Veles,MK
Štip,MK
Gostivar,MK
Kočani,MK
Dračevo,MK
Struga,MK
Debar,MK
Strumica,MK
Vinica,MK
Probištip,MK
Aračinovo,MK
Kičevo,MK
Kavadarci,MK
Gevgelija,MK
Vrapčište,MK
Radoviš,MK
Berovo,MK
Kruševo,MK
Sveti Nikole,MK
Demir Kapija,MK
Delčevo,MK
Bogdanci,MK
Negotino,MK
Antananarivo,MG
Androtsy,MG
Betsiboka,MG
Ihosy,MG
Antsirabe,MG
Mahajanga,MG
Toamasina,MG
Fianarantsoa,MG
Toliara,MG
Antsiranana,MG
Ambovombe,MG
Ambohimangakely,MG
Sambava,MG
Antehiroka,MG
Belo Tsiribihina,MG
Imerintsiatosika,MG
Antalaha,MG
Ankazoabokely,MG
Tôlan̈aro,MG
Madirovalo,MG
Marovoay,MG
Analavory,MG
Andoharanofotsy,MG
Antsalova,MG
Ambahikily,MG
Antsinanantsena,MG
Moramanga,MG
Ambilobe,MG
Antanifotsy,MG
Blantyre,MW
Lilongwe,MW
Mzuzu,MW
Zomba,MW
Salima,MW
Karonga,MW
Nkhotakota,MW
Kasungu,MW
Mangochi,MW
Liwonde,MW
Dedza,MW
Mchinji,MW
Nsanje,MW
Mzimba,MW
Chiromo,MW
Mponela,MW
Rumphi,MW
Nkhata Bay,MW
Ntcheu,MW
Mulanje,MW
Mwanza,MW
Chitipa,MW
Monkey Bay,MW
Luchenza,MW
Ntchisi,MW
Dowa,MW
Thyolo,MW
Phalombe,MW
Chiradzulu,MW
Kuala Lumpur,MY
Seberang Jaya,MY
Klang,MY
Ipoh,MY
Butterworth,MY
George Town,MY
Petaling Jaya,MY
Kuantan,MY
Shah Alam,MY
Johor Bahru,MY
Kota Bharu,MY
Melaka,MY
Kota Kinabalu,MY
Seremban,MY
Sandakan,MY
Sungai Petani,MY
Kuching,MY
Pasir Gudang,MY
Kuala Terengganu,MY
Sibu,MY
Taiping,MY
Miri,MY
Alor Setar,MY
Bukit Mertajam,MY
Lahad Datu,MY
Muar,MY
Kluang,MY
Batu Pahat,MY
Batu Gajah,MY
Male,MV
Kulhudhuffushi,MV
Foammulah,MV
Hithadhoo,MV
Thinadhoo,MV
Naifaru,MV
Mahibadhoo,MV
Viligili,MV
Eydhafushi,MV
Ungoofaaru,MV
Kudahuvadhoo,MV
Funadhoo,MV
Manadhoo,MV
Veymandoo,MV
Felidhoo,MV
Thulusdhoo,MV
Rasdhoo,MV
Dhihdhoo,MV
Nilandhoo,MV
Muli,MV
Fonadhoo,MV
Bamako,ML
Balandougou,ML
Sikasso,ML
Ségou,ML
Mopti,ML
Koutiala,ML
Kayes,ML
Kati,ML
Bougouni,ML
Markala,ML
Gao,ML
Kita,ML
San,ML
Timbuktu,ML
Djenné,ML
Ansongo,ML
Banamba,ML
Bourèm Guindou,ML
Bamba,ML
Bafoulabé,ML
Sibi,ML
Koulikoro,ML
Ménaka,ML
Andéranboukan,ML
Nara,ML
Kangaba,ML
Léré,ML
Kidal,ML
Nioro,ML
Valletta,MT
Birkirkara,MT
Saint Paul’s Bay,MT
Mosta,MT
Sliema,MT
Qormi,MT
Żabbar,MT
Naxxar,MT
San Ġwann,MT
Marsaskala,MT
Żebbuġ,MT
Fgura,MT
Żejtun,MT
Rabat,MT
Attard,MT
Żurrieq,MT
Mellieħa,MT
Swieqi,MT
Birżebbuġa,MT
Ħamrun,MT
Siġġiewi,MT
Tarxien,MT
Imsida,MT
Gżira,MT
Paola,MT
San Ġiljan,MT
Santa Venera,MT
Victoria,MT
Luqa,MT
Nouakchott,MR
Néma,MR
Nouadhibou,MR
Kiffa,MR
Arafat,MR
Dar Naim,MR
Zouerate,MR
Rosso,MR
Kaédi,MR
Ksar,MR
Sélibaby,MR
Atar,MR
Guérou,MR
Tidjikja,MR
Aleg,MR
Boutilimit,MR
Aioun,MR
Akjoujt,MR
Bogué,MR
Fdérik,MR
Bîr Mogreïn,MR
Timbedgha,MR
Chegga,MR
Tevragh Zeina,MR
Curepipe,MU
Port Louis,MU
Quatre Bornes,MU
Quartier Militaire,MU
Goodlands,MU
Bel Air,MU
Centre de Flacq,MU
Bambous,MU
Le Hochet,MU
Baie du Tombeau,MU
Rose Belle,MU
Grand Baie,MU
Lalmatie,MU
Surinam,MU
Plaine Magnien,MU
Moka,MU
Mexico City,MX
Guadalajara,MX
Monterrey,MX
Tijuana,MX
Ecatepec,MX
León de los Aldama,MX
Puebla,MX
Zapopan,MX
Juárez,MX
Ciudad Nezahualcóyotl,MX
Mexicali,MX
Nezahualcóyotl,MX
Morelia,MX
Aguascalientes,MX
Naucalpan de Juárez,MX
Mérida,MX
Cancún,MX
Chihuahua,MX
Saltillo,MX
Hermosillo,MX
Culiacán,MX
Querétaro,MX
San Luis Potosí,MX
Tlajomulco de Zúñiga,MX
Reynosa,MX
Torreón,MX
Guadalupe,MX
Acapulco de Juárez,MX
Tlaquepaque,MX
Chisinau,MD
Tiraspol,MD
Bălţi,MD
Bender,MD
Rîbniţa,MD
Ungheni,MD
Cahul,MD
Dubăsari,MD
Soroca,MD
Orhei,MD
Comrat,MD
Slobozia,MD
Straşeni,MD
Durleşti,MD
Ceadîr-Lunga,MD
Căuşeni,MD
Codru,MD
Edineţ,MD
Drochia,MD
Ialoveni,MD
Hînceşti,MD
Sîngerei,MD
Taraclia,MD
Vulcăneşti,MD
Făleşti,MD
Floreşti,MD
Cimişlia,MD
Congaz,MD
Rezina,MD
Ulaanbaatar,MN
Mörön,MN
Erdenet,MN
Darhan,MN
Darhan,MN
Choybalsan,MN
Nalayh,MN
Ölgiy,MN
Ulaangom,MN
Bayanhongor,MN
Hovd,MN
Sühbaatar,MN
Uliastay,MN
Öndörhaan,MN
Arvayheer,MN
Saynshand,MN
Dalanzadgad,MN
Dzüünharaa,MN
Tsetserleg,MN
Altay,MN
Harhorin,MN
Dzuunmod,MN
Baruun-Urt,MN
Mandalgovĭ,MN
Bulgan,MN
Choyr,MN
Höshööt,MN
Ulaan-Uul,MN
Dalandzadgad,MN
Podgorica,ME
Nikšić,ME
Ulcinj,ME
Herceg Novi,ME
Budva,ME
Pljevlja,ME
Bijelo Polje,ME
Cetinje,ME
Plav,ME
Bar,ME
Kotor,ME
Berane,ME
Mojkovac,ME
Rožaje,ME
Tivat,ME
Petnjica,ME
Danilovgrad,ME
Tuzi,ME
Golubovci,ME
Kolašin,ME
Žabljak,ME
Gusinje,ME
Plužine,ME
Andrijevica,ME
Šavnik,ME
Casablanca,MA
El Kelaa des Srarhna,MA
Fès,MA
Tangier,MA
Marrakech,MA
Sale,MA
Mediouna,MA
Rabat,MA
Meknès,MA
Oujda-Angad,MA
Kenitra,MA
Agadir,MA
Tétouan,MA
Taourirt,MA
Temara,MA
Safi,MA
Khénifra,MA
Laâyoune,MA
Mohammedia,MA
Kouribga,MA
El Jadid,MA
Béni Mellal,MA
Ait Melloul,MA
Nador,MA
Taza,MA
Settat,MA
Barrechid,MA
Al Khmissat,MA
Inezgane,MA
Maputo,MZ
Matola,MZ
Nampula,MZ
Beira,MZ
António Enes,MZ
Chimoio,MZ
Cidade de Nacala,MZ
Malema,MZ
Quelimane,MZ
Tete,MZ
Lichinga,MZ
Pemba,MZ
Xai-Xai,MZ
Maxixe,MZ
Cuamba,MZ
Dondo,MZ
Montepuez,MZ
Mocuba,MZ
Mocuba,MZ
Inhambane,MZ
Chokwé,MZ
Manhiça,MZ
Pebane,MZ
Chibuto,MZ
Moatize,MZ
Songo,MZ
Macomia,MZ
Zumbo,MZ
Mocímboa da Praia,MZ
Rangoon,MM
Mandalay,MM
Nay Pyi Taw,MM
Kyaukse,MM
Hpa-An,MM
Maungdaw,MM
Taunggyi,MM
Magway,MM
Myeik,MM
Bago,MM
Mawlamyine,MM
Natogyi,MM
Myitkyina,MM
Pathein,MM
Monywa,MM
Myawadi,MM
Thanhlyin,MM
Sittwe,MM
Hinthada,MM
Meiktila,MM
Letpandan,MM
Thingangyun,MM
Minbya,MM
Katha,MM
Mogok,MM
Myingyan,MM
Kyaunggon,MM
Mahlaing,MM
Mudon,MM
Kathmandu,NP
Bharatpur,NP
Pokhara,NP
Jitpur,NP
Birāṭnagar,NP
Ghorāhī,NP
Birgañj,NP
Butwāl,NP
Dharān,NP
Dhangaḍhi̇̄,NP
Janakpur,NP
Heṭauḍā,NP
Bhaktapur,NP
Godāwari̇̄,NP
Īṭahari̇̄,NP
Sanwal,NP
Nepālgañj,NP
Kirtipur,NP
Bhairāhawā,NP
Tilakpur,NP
Gulariyā,NP
Tulsīpur,NP
Birendranagar,NP
Kalaiyā,NP
Hanumānnagar,NP
Bāglung,NP
Pālpā,NP
Siraha,NP
Panauti,NP
Amsterdam,NL
Rotterdam,NL
The Hague,NL
Utrecht,NL
Maastricht,NL
Eindhoven,NL
Groningen,NL
Tilburg,NL
Almere,NL
Breda,NL
Nijmegen,NL
Arnhem,NL
Haarlem,NL
Apeldoorn,NL
Enschede,NL
Hoofddorp,NL
’s-Hertogenbosch,NL
Amersfoort,NL
Zaanstad,NL
Zwolle,NL
Zoetermeer,NL
Leiden,NL
Leeuwarden,NL
Dordrecht,NL
Alphen aan den Rijn,NL
Alkmaar,NL
Emmen,NL
Delft,NL
Deventer,NL
Nouméa,NC
Dumbéa,NC
Mont-Dore,NC
Païta,NC
Koné,NC
Wé,NC
Auckland,NZ
Wellington,NZ
Christchurch,NZ
Manukau City,NZ
Waitakere,NZ
Northcote,NZ
Hamilton,NZ
Tauranga,NZ
Lower Hutt,NZ
Dunedin,NZ
Palmerston North,NZ
Napier,NZ
Porirua,NZ
Rotorua,NZ
New Plymouth,NZ
Whangarei,NZ
Invercargill,NZ
Nelson,NZ
Upper Hutt,NZ
Whanganui,NZ
Gisborne,NZ
Paraparaumu,NZ
Timaru,NZ
Blenheim,NZ
Pukekohe East,NZ
Taupo,NZ
Masterton,NZ
Cambridge,NZ
Feilding,NZ
Managua,NI
Boaco,NI
León,NI
Masaya,NI
Matagalpa,NI
Chinandega,NI
Estelí,NI
Tipitapa,NI
Granada,NI
Jinotega,NI
El Viejo,NI
Ciudad Sandino,NI
Siuna,NI
Nueva Guinea,NI
Bilwi,NI
Juigalpa,NI
Diriamba,NI
Wiwilí,NI
Jalapa,NI
El Rama,NI
Jinotepe,NI
Mulukukú,NI
Waspán,NI
Chichigalpa,NI
Bluefields,NI
Waslala,NI
El Cuá,NI
San Rafael del Sur,NI
San José de Bocay,NI
Niamey,NE
Maradi,NE
Zinder,NE
Tahoua,NE
Agadez,NE
Sabara Bangou,NE
Arlit,NE
Birnin Konni,NE
Dosso,NE
Matamey,NE
Gaya,NE
Kollo,NE
Dabaga,NE
Ayorou,NE
Diffa,NE
Madaoua,NE
Tillabéri,NE
Nguigmi,NE
Guidan Roumdji,NE
Baléyara,NE
Gouré,NE
Galmi,NE
Tounfafi,NE
Bandio,NE
Kawara,NE
Toulou,NE
Gidan Idèr,NE
Takiéta,NE
Djado,NE
Lagos,NG
Kano,NG
Abuja,NG
Ibadan,NG
Port Harcourt,NG
Aba,NG
Onitsha,NG
Maiduguri,NG
Benin City,NG
Shagamu,NG
Ikare,NG
Ogbomoso,NG
Owerri,NG
Abeokuta,NG
Ikeja,NG
Akure,NG
Ilorin,NG
Warri,NG
Kaduna,NG
Osogbo,NG
Enugu,NG
Bauchi,NG
Jalingo,NG
Jos,NG
Ile-Ife,NG
Calabar,NG
Agege,NG
Ado-Ekiti,NG
Uyo,NG
Pyongyang,KP
Hamhŭng,KP
Nampo,KP
Ch’ŏngjin,KP
Sunch’ŏn,KP
Wŏnsan,KP
Sinŭiju,KP
Tanch’ŏn,KP
Kaesŏng,KP
Kaech’ŏn,KP
Sariwŏn,KP
Kanggye,KP
Haeju,KP
Anju,KP
P’yŏng-dong,KP
Rajin,KP
Kusŏng,KP
Hyesan,KP
Chŏngju,KP
Chaedŏk,KP
Hŭich’ŏn,KP
Hoeryŏng,KP
Sinpo,KP
Songnim,KP
Munch’ŏn,KP
Manpo,KP
Namsan,KP
Ongjang,KP
Ŏjŏk-tong,KP
Oslo,NO
Bergen,NO
Stavanger,NO
Sandnes,NO
Trondheim,NO
Sandvika,NO
Kristiansand,NO
Drammen,NO
Fredrikstad,NO
Sandefjord,NO
Asker,NO
Nordre Fåle,NO
Tønsberg,NO
Skien,NO
Sarpsborg,NO
Bodø,NO
Ålesund,NO
Moss,NO
Arendal,NO
Lørenskog,NO
Tromsø,NO
Haugesund,NO
Porsgrunn,NO
Ringsaker,NO
Molde,NO
Halden,NO
Ski,NO
Askøy,NO
Lillehammer,NO
Muscat,OM
Bawshar,OM
As Sīb,OM
Maţraḩ,OM
Şalālah,OM
As Suwayq,OM
Aş Şuwayḩirah as Sāḩil,OM
Ar Rustāq,OM
Al Muḑaybī,OM
‘Ibrī,OM
Bahlā’,OM
Samā’il,OM
Nizwá,OM
Al ‘Āmirāt,OM
Al Buraymī,OM
Qurayyāt,OM
Al Madrah Samā’il,OM
Shināş,OM
Izkī,OM
Ibrā’,OM
Masqaţ,OM
Nakhal,OM
Ḑank,OM
Ţāqah,OM
Khaşab,OM
Fanjā’,OM
Al Mazyūnah,OM
Mirbāţ,OM
Şuḩār,OM
Karachi,PK
Lahore,PK
Faisalabad,PK
Rawalpindi,PK
Gujranwala,PK
Peshawar,PK
Multan,PK
Saidu Sharif,PK
Hyderabad City,PK
Islamabad,PK
Quetta,PK
Bahawalpur,PK
Sargodha,PK
Sialkot City,PK
Sukkur,PK
Larkana,PK
Chiniot,PK
Shekhupura,PK
Rahimyar Khan,PK
Jhang City,PK
Dera Ghazi Khan,PK
Gujrat,PK
Cantonment,PK
Bhawana,PK
Mardan,PK
Sarai Alamgir,PK
Shah Latif Town,PK
Kasur,PK
Chakwal,PK
Panama City,PA
San Miguelito,PA
Colón,PA
David,PA
Tocumen,PA
La Chorrera,PA
Balboa Heights,PA
Chilibre,PA
Pacora,PA
Aguadulce,PA
Chitré,PA
Santiago,PA
Alcalde Díaz,PA
Arraiján,PA
Cativá,PA
Kusapín,PA
Changuinola,PA
Ancón,PA
Penonomé,PA
Nuevo Arraiján,PA
Chepo,PA
Puerto Armuelles,PA
El Coco,PA
Sabanitas,PA
Bajo Boquete,PA
Puerto Caimito,PA
Puerto Pilón,PA
Bocas del Toro,PA
Almirante,PA
Port Moresby,PG
Lae,PG
Popondetta,PG
Madang,PG
Mendi,PG
Arawa,PG
Mount Hagen,PG
Kimbe,PG
Wewak,PG
Goroka,PG
Kokopo,PG
Bulolo,PG
Kavieng,PG
Alotau,PG
Tari,PG
Daru,PG
Vanimo,PG
Kundiawa,PG
Tabubil,PG
Wau,PG
Rabaul,PG
Kieta,PG
Kerema,PG
Lorengau,PG
Wabag,PG
Sohano,PG
Hoskins,PG
Amau,PG
Kurumul,PG
Asunción,PY
Ciudad del Este,PY
San Lorenzo,PY
Luque,PY
Capiatá,PY
Fernando de la Mora,PY
Ñemby,PY
Pedro Juan Caballero,PY
Presidente Franco,PY
Itauguá,PY
Mariano Roque Alonso,PY
Coronel Oviedo,PY
Limpio,PY
Itá,PY
Villa Elisa,PY
San Antonio,PY
Encarnación,PY
Areguá,PY
Ayolas,PY
Villa Curuguaty,PY
Katueté,PY
Horqueta,PY
Villa Hayes,PY
Caacupé,PY
Villarrica,PY
San Estanislao,PY
San Ignacio,PY
Concepción,PY
Salto del Guairá,PY
Lima,PE
Callao,PE
Arequipa,PE
Trujillo,PE
Chiclayo,PE
Chimbote,PE
Piura,PE
Cusco,PE
Huancayo,PE
Iquitos,PE
Pucallpa,PE
Juliaca,PE
Tacna,PE
Ica,PE
Tarapoto,PE
Ayacucho,PE
Cajamarca,PE
Huacho,PE
Huánuco,PE
Paita,PE
Sullana,PE
Huaycan,PE
Barranca,PE
Puno,PE
San Ignacio,PE
Huaraz,PE
Pisco,PE
Tumbes,PE
Jaén,PE
Manila,PH
Quezon City,PH
Davao,PH
Caloocan City,PH
Canagatan,PH
Zamboanga City,PH
Cebu City,PH
Antipolo,PH
Taguig City,PH
Pasig City,PH
Cagayan de Oro,PH
Valenzuela,PH
Dasmariñas,PH
General Santos,PH
City of Parañaque,PH
Bacoor,PH
Tondo,PH
San Jose del Monte,PH
Makati City,PH
Las Piñas City,PH
Bacolod,PH
Muntinlupa City,PH
City of Calamba,PH
Lapu-Lapu City,PH
Imus,PH
Angeles City,PH
Iloilo,PH
Marikina City,PH
General Trias,PH
Warsaw,PL
Kraków,PL
Łódź,PL
Wrocław,PL
Poznań,PL
Gdańsk,PL
Szczecin,PL
Bydgoszcz,PL
Lublin,PL
Bielsko-Biała,PL
Białystok,PL
Katowice,PL
Gdynia,PL
Częstochowa,PL
Radom,PL
Zielona Góra,PL
Toruń,PL
Rzeszów,PL
Sosnowiec,PL
Kielce,PL
Gliwice,PL
Olsztyn,PL
Zabrze,PL
Bytom,PL
Rybnik,PL
Ruda Śląska,PL
Tychy,PL
Opole,PL
Gorzów Wielkopolski,PL
Lisbon,PT
Porto,PT
Aves,PT
Sintra,PT
Vila Nova de Gaia,PT
Cascais,PT
Loures,PT
Braga,PT
Almada,PT
Matosinhos,PT
Amadora,PT
Oeiras,PT
Gondomar,PT
Seixal,PT
Guimarães,PT
Odivelas,PT
Coimbra,PT
Vila Franca de Xira,PT
Maia,PT
Famalicão,PT
Leiria,PT
Setúbal,PT
Barcelos,PT
Funchal,PT
Viseu,PT
Valongo,PT
Viana do Castelo,PT
Paredes,PT
Vila do Conde,PT
San Juan,PR
Aguadilla,PR
Bayamón,PR
Carolina,PR
Ponce,PR
Arecibo,PR
San Germán,PR
Mayagüez,PR
Yauco,PR
Fajardo,PR
Caguas,PR
Juana Díaz,PR
Guaynabo,PR
Florida,PR
Guayama,PR
Trujillo Alto,PR
Cataño,PR
Vega Baja,PR
Humacao,PR
Candelaria,PR
Cayey,PR
Dorado,PR
Río Grande,PR
Canóvanas,PR
Manatí,PR
Caño Martin Peña,PR
Hormigueros,PR
Sabana Grande,PR
Coamo,PR
Doha,QA
Ar Rayyān,QA
Al Khawr,QA
Ash Shīḩānīyah,QA
Al Wakrah,QA
Umm Qurūn,QA
Nu‘ayjah,QA
Adh Dhakhīrah,QA
Al Jumaylīyah,QA
Umm Şalāl ‘Alī,QA
Az̧ Z̧a‘āyin,QA
Madīnat ash Shamāl,QA
Bucharest,RO
Cluj-Napoca,RO
Timişoara,RO
Braşov,RO
Iaşi,RO
Constanţa,RO
Craiova,RO
Galaţi,RO
Ploieşti,RO
Oradea,RO
Brăila,RO
Arad,RO
Piteşti,RO
Sibiu,RO
Bacău,RO
Târgu-Mureş,RO
Baia Mare,RO
Buzău,RO
Botoşani,RO
Satu Mare,RO
Râmnicu Vâlcea,RO
Drobeta-Turnu Severin,RO
Suceava,RO
Piatra Neamţ,RO
Reşiţa,RO
Târgu Jiu,RO
Târgovişte,RO
Focşani,RO
Bistriţa,RO
Moscow,RU
Saint Petersburg,RU
Novosibirsk,RU
Yekaterinburg,RU
Nizhniy Novgorod,RU
Kazan,RU
Chelyabinsk,RU
Omsk,RU
Samara,RU
Rostov,RU
Ufa,RU
Krasnoyarsk,RU
Voronezh,RU
Perm,RU
Volgograd,RU
Krasnodar,RU
Saratov,RU
Tyumen,RU
Tolyatti,RU
Izhevsk,RU
Barnaul,RU
Ulyanovsk,RU
Irkutsk,RU
Khabarovsk,RU
Yaroslavl,RU
Vladivostok,RU
Makhachkala,RU
Tomsk,RU
Orenburg,RU
Kigali,RW
Nyanza,RW
Gisenyi,RW
Gitarama,RW
Ruhengeri,RW
Kabarore,RW
Butare,RW
Muhanga,RW
Gatunda,RW
Kabuga,RW
Nyamata,RW
Ngororero,RW
Byumba,RW
Rubengera,RW
Bugarama,RW
Cyangugu,RW
Ndora,RW
Kibeho,RW
Rwamagana,RW
Murambi,RW
Ruhango,RW
Gikongoro,RW
Busogo,RW
Kibuye,RW
Kibungo,RW
Apia,WS
Afega,WS
Safotu,WS
Leulumoega,WS
Asau,WS
Lufilufi,WS
Vailoa,WS
Saleaula,WS
Samamea,WS
Mulifanua,WS
Safotulafai,WS
Satupa‘itea,WS
Serravalle,SM
Borgo Maggiore,SM
San Marino,SM
Domagnano,SM
Fiorentino,SM
Acquaviva,SM
Faetano,SM
Montegiardino,SM
Chiesanuova,SM
São Tomé,ST
Santana,ST
Neves,ST
Guadalupe,ST
Trindade,ST
São João dos Angolares,ST
Santo António,ST
Riyadh,SA
Jeddah,SA
Mecca,SA
Medina,SA
Ad Dammām,SA
Al Hufūf,SA
Ḩafr al Bāţin,SA
Al Ḩillah,SA
Aţ Ţā’if,SA
Tabūk,SA
Al Qaţīf,SA
Buraydah,SA
Al Jubayl,SA
Ḩā’il,SA
Al Kharj,SA
Al Qunfudhah,SA
Al Mubarraz,SA
Yanbu,SA
Sakākā,SA
Abhā,SA
Şabyā,SA
Al Khubar,SA
Qal‘at Bīshah,SA
‘Unayzah,SA
Ras Tanura,SA
Al Ḩawīyah,SA
Al Qurayyāt,SA
Ar Rass,SA
Jāzān,SA
Dakar,SN
Pikine,SN
Touba,SN
Thiès,SN
Guédiawaye,SN
Dagana,SN
Rufisque,SN
Ziguinchor,SN
Saint-Louis,SN
Kaolack,SN
Diourbel,SN
Richard-Toll,SN
Louga,SN
Tambacounda,SN
Mbaké,SN
Kolda,SN
Bargny,SN
Joal-Fadiout,SN
Paoskoto,SN
Tivaouane,SN
Kaffrine,SN
Dara,SN
Sali,SN
Malème Hodar,SN
Bignona,SN
Mboro,SN
Sébikhotane,SN
Fatick,SN
Vélingara,SN
Belgrade,RS
Novi Sad,RS
Niš,RS
Zemun,RS
Kragujevac,RS
Valjevo,RS
Loznica,RS
Sremska Mitrovica,RS
Zrenjanin,RS
Pančevo,RS
Stara Pazova,RS
Čačak,RS
Kraljevo,RS
Novi Pazar,RS
Leskovac,RS
Užice,RS
Kruševac,RS
Vranje,RS
Ruma,RS
Mladenovac,RS
Sombor,RS
Batajnica,RS
Inđija,RS
Borča,RS
Surčin,RS
Kula,RS
Kikinda,RS
Bečej,RS
Prijepolje,RS
Freetown,SL
Bo,SL
Kenema,SL
Koidu,SL
Makeni,SL
Koidu-Bulma,SL
Port Loko,SL
Tongoma,SL
Magburaka,SL
Kambia,SL
Lunsar,SL
Newton,SL
Motema,SL
Kailahun,SL
Benguema,SL
Pendembu,SL
Pujehun,SL
Kabala,SL
Leicester,SL
Segbwema,SL
Bumpe,SL
Mongeri,SL
Binkolo,SL
Yengema,SL
Rokupr,SL
Gandorhun,SL
Moyamba,SL
Bonthe,SL
Bratislava,SK
Košice,SK
Petržalka,SK
Žilina,SK
Prešov,SK
Nitra,SK
Banská Bystrica,SK
Trnava,SK
Trenčín,SK
Martin,SK
Poprad,SK
Prievidza,SK
Zvolen,SK
Považská Bystrica,SK
Michalovce,SK
Nové Zámky,SK
Spišská Nová Ves,SK
Komárno,SK
Humenné,SK
Liptovský Mikuláš,SK
Bardejov,SK
Levice,SK
Lučenec,SK
Piešťany,SK
Ružomberok,SK
Topoľčany,SK
Pezinok,SK
Trebišov,SK
Čadca,SK
Ljubljana,SI
Maribor,SI
Kranj,SI
Celje,SI
Koper,SI
Velenje,SI
Novo Mesto,SI
Ptuj,SI
Kamnik,SI
Trbovlje,SI
Jesenice,SI
Domžale,SI
Nova Gorica,SI
Izola,SI
Škofja Loka,SI
Murska Sobota,SI
Postojna,SI
Logatec,SI
Vrhnika,SI
Slovenska Bistrica,SI
Kočevje,SI
Grosuplje,SI
Ravne na Koroškem,SI
Slovenj Gradec,SI
Krško,SI
Ajdovščina,SI
Brežice,SI
Litija,SI
Mengeš,SI
Honiara,SB
Auki,SB
Gizo,SB
Kirakira,SB
Buala,SB
Tulagi,SB
Tigoa,SB
Lata,SB
Taro,SB
Mogadishu,SO
Boosaaso,SO
Hargeysa,SO
Baidoa,SO
Gaalkacyo,SO
Baardheere,SO
Burco,SO
Cadaado,SO
Marka,SO
Berbera,SO
Garoowe,SO
Ceel Baraf,SO
Qardho,SO
Buurhakaba,SO
Kismaayo,SO
Jamaame,SO
Luuq,SO
Jilib,SO
Aw Dheegle,SO
Jawhar,SO
Oodweyne,SO
Barwaaqo,SO
Afmadow,SO
Caracase,SO
Xuddur,SO
Buuhoodle,SO
Ufeyn,SO
Afgooye,SO
Wisil,SO
Johannesburg,ZA
Soweto,ZA
Vereeniging,ZA
Pietermaritzburg,ZA
Pretoria,ZA
Durban,ZA
Rustenburg,ZA
Kimberley,ZA
Katlehong,ZA
Cape Town,ZA
Welkom,ZA
Khayelitsha,ZA
Newcastle,ZA
East London,ZA
Randburg,ZA
Roodepoort,ZA
Port Elizabeth,ZA
Mitchells Plain,ZA
Boksburg,ZA
Bloemfontein,ZA
Germiston,ZA
Centurion,ZA
Springs,ZA
Sandton,ZA
Polokwane,ZA
Klerksdorp,ZA
Bhisho,ZA
Benoni,ZA
George,ZA
Seoul,KR
Busan,KR
Incheon,KR
Daegu,KR
Gwangju,KR
Daejeon,KR
Suwon,KR
Ulsan,KR
Tongjin,KR
Goyang,KR
Changwon,KR
Sŏngnam,KR
Bucheon,KR
Cheongju,KR
Yanggok,KR
Hwasu-dong,KR
Ansan,KR
Ch’ŏnan,KR
Jeonju,KR
Anyang,KR
Kimhae,KR
Pohang,KR
Pyeongtaek,KR
Jeju,KR
Masan,KR
Sihŭng,KR
Uijeongbu,KR
Paju,KR
Kumi,KR
Juba,SS
Bor,SS
Kajo Kaji,SS
Yei,SS
Magwe,SS
Wau,SS
Malakal,SS
Leer,SS
Kuacjok,SS
Renk,SS
Gogrial,SS
Farajok,SS
Aweil,SS
Yambio,SS
Nimule,SS
Rumbek,SS
Ikoto,SS
Maridi,SS
Torit,SS
Tonj,SS
Kafia Kingi,SS
Yirol,SS
Tambura,SS
Bentiu,SS
Kapoeta,SS
Melut,SS
Nasir,SS
Madrid,ES
Barcelona,ES
Sevilla,ES
Málaga,ES
Valencia,ES
Bilbao,ES
Zaragoza,ES
Murcia,ES
Palma,ES
Las Palmas,ES
Alicante,ES
Córdoba,ES
Valladolid,ES
Vigo,ES
Gijón,ES
Vitoria-Gasteiz,ES
A Coruña,ES
Elche,ES
Granada,ES
Tarrasa,ES
Badalona,ES
Petrel,ES
Oviedo,ES
Cartagena,ES
Sabadell,ES
Jerez de la Frontera,ES
Móstoles,ES
Santa Cruz,ES
Pamplona,ES
Colombo,LK
Mount Lavinia,LK
Kesbewa,LK
Moratuwa,LK
Maharagama,LK
Ratnapura,LK
Kandy,LK
Negombo,LK
Batticaloa,LK
Sri Jayewardenepura Kotte,LK
Mawanella,LK
Kotmale,LK
Kalmunai,LK
Kilinochchi,LK
Hikkaduwa,LK
Trincomalee,LK
Galle,LK
Jaffna,LK
Kalpitiya,LK
Athurugiriya,LK
Tissamaharama,LK
Weligama,LK
Tangalla,LK
Dambulla,LK
Matara,LK
Kolonnawa,LK
Akurana,LK
Galgamuwa,LK
Anuradhapura,LK
Khartoum,SD
Omdurman,SD
Al Mijlad,SD
Khartoum North,SD
Port Sudan,SD
Kassala,SD
Nyala,SD
El Obeid,SD
Gedaref,SD
Wad Medani,SD
Kūstī,SD
Ed Daein,SD
El Fasher,SD
Singa,SD
El Geneina,SD
Kurmuk,SD
Ar Ruseris,SD
Shendi,SD
Ed Damazin,SD
Kadugli,SD
Al Manāqil,SD
Sannār,SD
Atbara,SD
Ed Damer,SD
An Nuhūd,SD
Ad Diwem,SD
Tokār,SD
Umm Ruwaba,SD
Ad Dabbah,SD
Paramaribo,SR
Cottica,SR
Koewarasan,SR
Lelydorp,SR
Nieuw Nickerie,SR
Meerzorg,SR
Brokopondo,SR
Moengo,SR
Nieuw Amsterdam,SR
Albina,SR
Brownsweg,SR
Groningen,SR
Onverwacht,SR
Totness,SR
Manzini,SZ
Mbabane,SZ
Siteki,SZ
Lobamba,SZ
Piggs Peak,SZ
Lavumisa,SZ
Hlatikulu,SZ
Nhlangano,SZ
Stockholm,SE
Gothenburg,SE
Malmö,SE
Uppsala,SE
Norrköping,SE
Uppsala,SE
Västerås,SE
Örebro,SE
Linköping,SE
Helsingborg,SE
Jönköping,SE
Vimmerby,SE
Sundsvall,SE
Gävle,SE
Umeå,SE
Skellefteå,SE
Karlstad,SE
Södertälje,SE
Halmstad,SE
Eskilstuna,SE
Karlskrona,SE
Växjö,SE
Borås,SE
Täby,SE
Trollhättan,SE
Östersund,SE
Luleå,SE
Upplands Väsby,SE
Borlänge,SE
Zürich,CH
Geneva,CH
Basel,CH
Lausanne,CH
Bern,CH
Winterthur,CH
Lucerne,CH
Sankt Gallen,CH
Lugano,CH
Biel/Bienne,CH
Thun,CH
Bellinzona,CH
Köniz,CH
La Chaux-de-Fonds,CH
Fribourg,CH
Uster,CH
Schaffhausen,CH
Vernier,CH
Chur,CH
Sion,CH
Neuchâtel,CH
Landecy,CH
Zug,CH
Yverdon-les-Bains,CH
Emmen,CH
Dübendorf,CH
Kriens,CH
Rapperswil-Jona,CH
Dietikon,CH
Aleppo,SY
Damascus,SY
Homs,SY
Latakia,SY
Ḩamāh,SY
Ar Raqqah,SY
Dayr az Zawr,SY
Al Ḩasakah,SY
Al Qāmishlī,SY
Idlib,SY
Dar‘ā,SY
Qabr as Sitt,SY
Dūmā,SY
Jaramānā,SY
As Salamīyah,SY
As Safīrah,SY
Al Ḩajar al Aswad,SY
Ma‘arrat an Nu‘mān,SY
Ţarţūs,SY
Dārayyā,SY
Ath Thawrah,SY
Manbij,SY
Jablah,SY
As Suwaydā’,SY
Nawá,SY
At Tall,SY
Ar Rastan,SY
Al Qurayyā,SY
Khān Shaykhūn,SY
Taipei,TW
Taichung,TW
Kaohsiung,TW
Tainan,TW
Zhongli,TW
Changhua,TW
Pingtung,TW
Hsinchu,TW
Taoyuan District,TW
Keelung,TW
Chiayi,TW
Zhubei,TW
Pingzhen,TW
Yangmei,TW
Bade,TW
Yilan,TW
Yuanlin,TW
Hualien,TW
Taitung,TW
Douliu,TW
Toufen,TW
Nantou,TW
Caotun,TW
Zhudong,TW
Miaoli,TW
Hemei,TW
Zhunan,TW
Lugang,TW
Ji’an,TW
Dushanbe,TJ
Khŭjand,TJ
Konibodom,TJ
Kŭlob,TJ
Bokhtar,TJ
Istaravshan,TJ
Tursunzoda,TJ
Panjakent,TJ
Isfara,TJ
Ghŭlakandoz,TJ
Zargar,TJ
Levakant,TJ
Chimteppa,TJ
Roghun,TJ
Vahdat,TJ
Isfisor,TJ
Sarikishty,TJ
Navgilem,TJ
Qaratog,TJ
Obburdon,TJ
Chorkŭh,TJ
Yovon,TJ
Simiganj,TJ
Rokhaty,TJ
Chorbog,TJ
Norak,TJ
Danghara,TJ
Khorugh,TJ
Dahana,TJ
Dar es Salaam,TZ
Mwanza,TZ
Mbeya,TZ
Arusha,TZ
Tanga,TZ
Kasulu,TZ
Dodoma,TZ
Morogoro,TZ
Zanzibar,TZ
Tabora,TZ
Bariadi,TZ
Iringa,TZ
Singida,TZ
Sumbawanga,TZ
Moshi,TZ
Kigoma,TZ
Bukoba,TZ
Kibaha,TZ
Tukuyu,TZ
Shinyanga,TZ
Musoma,TZ
Songea,TZ
Geita,TZ
Ifakara,TZ
Mtwara,TZ
Kilosa,TZ
Mpanda,TZ
Uvinza,TZ
Handeni,TZ
Bangkok,TH
Chiang Mai,TH
Nonthaburi,TH
Pak Kret,TH
Hat Yai,TH
Nakhon Ratchasima,TH
Surat Thani,TH
Udon Thani,TH
Ban Bang Pu Mai,TH
Khon Kaen,TH
Phatthaya,TH
Nakhon Si Thammarat,TH
Ban Mangkon,TH
Ban Laem Chabang,TH
Nakhon Sawan,TH
Ban Talat Rangsit,TH
Ubon Ratchathani,TH
Nakhon Pathom,TH
Phuket,TH
Ban Tha Khlong,TH
Phitsanulok,TH
Chiang Rai,TH
Ko Samui,TH
Ban Suan,TH
Songkhla,TH
Ban Lam Sam Kaeo,TH
Rayong,TH
Saraburi,TH
Yala,TH
Banjul,GM
Serekunda,GM
Brikama,GM
Bakau,GM
Sukuta,GM
Sareh Mowndeh,GM
Farafenni,GM
Mansa Konko,GM
Basse Santa Su,GM
Gunjur,GM
Essau,GM
Busumbala,GM
Brikama Ba,GM
Gambissara,GM
Diabugu,GM
Bansang,GM
Janjanbureh,GM
Kerewan,GM
Kanifing,GM
Dili,TL
Maliana,TL
Baucau,TL
Manatuto,TL
Gleno,TL
Viqueque,TL
Liquiçá,TL
Ainaro,TL
Same,TL
Aileu,TL
Suai,TL
Pante Macassar,TL
Lospalos,TL
Lomé,TG
Sokodé,TG
Kpalimé,TG
Atakpamé,TG
Dapaong,TG
Tsévié,TG
Sansanné-Mango,TG
Badou,TG
Bassar,TG
Bafilo,TG
Niamtougou,TG
Sotouboua,TG
Kévé,TG
Sirka,TG
Kara,TG
Chaguanas,TT
San Fernando,TT
Port of Spain,TT
Arima,TT
Couva,TT
Point Fortin,TT
Princes Town,TT
Diego Martin,TT
Laventille,TT
Sangre Grande,TT
Tunapuna,TT
Scarborough,TT
Gasparillo,TT
Claxton Bay,TT
Saint Joseph,TT
San Juan,TT
Fyzabad,TT
Marabella,TT
Valencia,TT
Penal,TT
Freeport,TT
Arouca,TT
Siparia,TT
Rio Claro,TT
Cunupia,TT
Debe,TT
Aranguez,TT
Tunis,TN
Sidi Bouzid,TN
Sfax,TN
Sousse,TN
Kairouan,TN
Métouia,TN
Kebili,TN
Bizerte,TN
Sukrah,TN
Gabès,TN
Ariana,TN
Sakiet ed Daier,TN
Jendouba,TN
Gafsa,TN
Msaken,TN
Medenine,TN
Béja,TN
Kasserine,TN
Monastir,TN
Radès,TN
Hammamet,TN
Tataouine,TN
La Marsa,TN
Ben Arous,TN
Sakiet ez Zit,TN
Zarzis,TN
Ben Gardane,TN
Mahdia,TN
Houmt Souk,TN
Istanbul,TR
Ankara,TR
İzmir,TR
Bursa,TR
Antalya,TR
Konya,TR
Gaziantep,TR
Şanlıurfa,TR
Mersin,TR
Adana,TR
Diyarbakır,TR
Kayseri,TR
Samsun,TR
Akçaabat,TR
Denizli,TR
Çankaya,TR
Esenyurt,TR
Eskişehir,TR
Seyhan,TR
Küçükçekmece,TR
Erzurum,TR
Bağcılar,TR
Pendik,TR
Selçuklu,TR
Yıldırım,TR
Kartal,TR
Batman,TR
Esenler,TR
Kahramanmaraş,TR
Ashgabat,TM
Türkmenabat,TM
Daşoguz,TM
Mary,TM
Koytendag,TM
Balkanabat,TM
Serdar,TM
Bayramaly,TM
Türkmenbaşy,TM
Tejen,TM
Abadan,TM
Kaka,TM
Atamyrat,TM
Yolöten,TM
Köneürgench,TM
Gumdag,TM
Gyzylgaya,TM
Änew,TM
Hazar,TM
Bereket,TM
Gazojak,TM
Baharly,TM
Hojambaz,TM
Gökdepe,TM
Seydi,TM
Akdepe,TM
Serhetabat,TM
Farap,TM
Murgap,TM
Kampala,UG
Mbale,UG
Nansana,UG
Arua,UG
Kasangati,UG
Mbarara,UG
Njeru,UG
Mukono,UG
Gulu,UG
Tororo,UG
Lira,UG
Hoima,UG
Kasese,UG
Lugazi,UG
Masindi,UG
Mityana,UG
Masaka,UG
Mubende,UG
Wakiso,UG
Bombo,UG
Jinja,UG
Entebbe,UG
Kireka,UG
Kamuli,UG
Apac,UG
Busia,UG
Soroti,UG
Fort Portal,UG
Mpondwe,UG
Kyiv,UA
Kharkiv,UA
Odesa,UA
Dnipro,UA
Donetsk,UA
Zaporizhzhia,UA
Lviv,UA
Kryvyi Rih,UA
Sevastopol,UA
Mykolaiv,UA
Mariupol,UA
Luhansk,UA
Vinnytsia,UA
Makiivka,UA
Simferopol,UA
Poltava,UA
Chernihiv,UA
Kherson,UA
Cherkasy,UA
Khmelnytskyi,UA
Chernivtsi,UA
Sumy,UA
Zhytomyr,UA
Horlivka,UA
Rivne,UA
Ivano-Frankivsk,UA
Kamianske,UA
Kropyvnytskyi,UA
Ternopil,UA
Dubai,AE
Abu Dhabi,AE
Sharjah,AE
Al ‘Ayn,AE
‘Ajmān,AE
Ra’s al Khaymah,AE
Al Fujayrah,AE
Umm al Qaywayn,AE
Khawr Fakkān,AE
Kalbā,AE
Madīnat Zāyid,AE
Al Jazīrah al Ḩamrā’,AE
London,GB
Birmingham,GB
Manchester,GB
Liverpool,GB
Portsmouth,GB
Southampton,GB
Leeds,GB
Nottingham,GB
Glasgow,GB
Bristol,GB
Sheffield,GB
Leicester,GB
Edinburgh,GB
Caerdydd,GB
Worthing,GB
Stoke-on-Trent,GB
Coventry,GB
Reading,GB
Belfast,GB
Kingston upon Hull,GB
Newcastle,GB
Stockport,GB
Bradford,GB
Ipswich,GB
Bolton,GB
Sunderland,GB
Plymouth,GB
Derby,GB
Westminster,GB
New York,US
Los Angeles,US
Chicago,US
Miami,US
Dallas,US
Houston,US
Philadelphia,US
Atlanta,US
Washington,US
Boston,US
Phoenix,US
Detroit,US
Seattle,US
San Francisco,US
San Diego,US
Minneapolis,US
Brooklyn,US
Tampa,US
Denver,US
Queens,US
Baltimore,US
Las Vegas,US
St. Louis,US
Portland,US
Riverside,US
Orlando,US
Sacramento,US
San Antonio,US
San Jose,US
Montevideo,UY
Salto,UY
Ciudad de la Costa,UY
Maldonado,UY
Paysandú,UY
Las Piedras,UY
Rivera,UY
Tacuarembó,UY
Melo,UY
Mercedes,UY
Artigas,UY
Minas,UY
San José,UY
Durazno,UY
Florida,UY
Barros Blancos,UY
Ciudad del Plata,UY
San Carlos,UY
Colonia del Sacramento,UY
Pando,UY
Treinta y Tres,UY
Rocha,UY
Fray Bentos,UY
Trinidad,UY
El Pinar,UY
La Paz,UY
Canelones,UY
Bella Unión,UY
Carmelo,UY
Tashkent,UZ
Namangan,UZ
Samarkand,UZ
Andijon,UZ
Qo‘qon,UZ
Nukus,UZ
Farg‘ona,UZ
Bukhara,UZ
Qarshi,UZ
Denov,UZ
Marg‘ilon,UZ
Iskandar,UZ
Jizzax,UZ
Chirchiq,UZ
Urganch,UZ
Termiz,UZ
Navoiy,UZ
Angren,UZ
Olmaliq,UZ
Kogon Shahri,UZ
Shahrisabz,UZ
Chust,UZ
Urgut Shahri,UZ
Quvasoy,UZ
Kattagan,UZ
Bekobod,UZ
Qo‘ng‘irot Shahri,UZ
Shahrixon,UZ
Xo‘jayli Shahri,UZ
Port-Vila,VU
Luganville,VU
Isangel,VU
Lakatoro,VU
Saratamata,VU
Sola,VU
Maracaibo,VE
Caracas,VE
Valencia,VE
Barquisimeto,VE
Barinas,VE
Ciudad Guayana,VE
Catia La Mar,VE
Ciudad Bolívar,VE
Santa Teresa del Tuy,VE
Maturín,VE
Barcelona,VE
Maracay,VE
Cumaná,VE
Petare,VE
Cabimas,VE
Puerto La Cruz,VE
Mérida,VE
Punto Fijo,VE
San Cristóbal,VE
Coro,VE
Turmero,VE
Los Teques,VE
Baruta,VE
San Felipe,VE
Cúa,VE
La Victoria,VE
El Tigre,VE
Puerto Cabello,VE
Guarenas,VE
Ho Chi Minh City,VN
Hanoi,VN
Haiphong,VN
Cần Thơ,VN
Biên Hòa,VN
Thủ Đức,VN
Quảng Hà,VN
Huế,VN
Tân An,VN
Bắc Ninh,VN
Hải Dương,VN
Vinh,VN
Tân Uyên,VN
Thủ Dầu Một,VN
Thanh Hóa,VN
Nha Trang,VN
Nam Định,VN
Vũng Tàu,VN
Buôn Ma Thuột,VN
Thái Nguyên,VN
An Nhơn,VN
Cà Mau,VN
Quy Nhơn,VN
Nghi Sơn,VN
Sóc Trăng,VN
Phan Thiết,VN
Long Xuyên,VN
Việt Trì,VN
Mỹ Tho,VN
Sanaa,YE
Ta‘izz,YE
Al Ḩudaydah,YE
Aden,YE
Ibb,YE
Ibb,YE
Dhamār,YE
Al Mukallā,YE
Al Manşūrah,YE
Tarīm,YE
Ash Shaykh ‘Uthmān,YE
Zinjibār,YE
Şa‘dah,YE
Say’ūn,YE
Ash Shiḩr,YE
At Tawāhī,YE
Zabīd,YE
Al Ma‘allā’,YE
Ḩajjah,YE
Bājil,YE
Radā‘,YE
Bayt al Faqīh,YE
Al Qā‘idah,YE
Al Bayḑā’,YE
Ataq,YE
Yarīm,YE
Laḩij,YE
Al Madad,YE
Ja‘ār,YE
Lusaka,ZM
Ndola,ZM
Kitwe,ZM
Kafue,ZM
Mazabuka,ZM
Kasama,ZM
Mongu,ZM
Kashikishi,ZM
Nchelenge,ZM
Chingola,ZM
Livingstone,ZM
Mansa,ZM
Mufulira,ZM
Bwana Mkubwa,ZM
Luanshya,ZM
Kabwe,ZM
Mporokoso,ZM
Chipata,ZM
Solwezi,ZM
Chililabombwe,ZM
Chirundu,ZM
Choma,ZM
Kapiri Mposhi,ZM
Mpika,ZM
Kawambwa,ZM
Mbala,ZM
Sesheke,ZM
Mumbwa,ZM
Mwinilunga,ZM
Harare,ZW
Bulawayo,ZW
Chitungwiza,ZW
Mutare,ZW
Gweru,ZW
Kwekwe,ZW
Masvingo,ZW
Norton,ZW
Kadoma,ZW
Chegutu,ZW
Chinhoyi,ZW
Marondera,ZW
Sakubva,ZW
Bindura,ZW
Hwange,ZW
Beitbridge,ZW
Chiredzi,ZW
Rusape,ZW
Zvishavane,ZW
Chipinge,ZW
Karoi,ZW
Victoria Falls,ZW
Redcliff,ZW
Mukumbura,ZW
Kariba,ZW
Shurugwi,ZW
Ruwa,ZW
Murehwa,ZW
Mvurwi,ZW
